2026-09-02 06:45:34.094: INFO:     Started server process [13396]
2026-09-02 06:45:34.094: INFO:     Waiting for application startup.
2026-09-02 06:45:34.094: INFO:     Application startup complete.
2026-09-02 06:45:34.095: INFO:     Uvicorn running on http://127.0.0.1:8000 (Press CTRL+C to quit)
2026-09-02 06:48:30.541: Warning: You are sending unauthenticated requests to the HF Hub. Please set a HF_TOKEN to enable higher rate limits and faster downloads.
2026-09-02 06:48:44.191: Loading weights:   0%|          | 0/103 [00:00<?, ?it/s]Loading weights: 100%|##########| 103/103 [00:00<00:00, 10723.92it/s]
2026-09-02 08:14:23.657: INFO:     Shutting down
2026-09-02 08:14:23.765: INFO:     Waiting for application shutdown.
2026-09-02 08:14:23.765: INFO:     Application shutdown complete.
2026-09-02 08:14:23.765: INFO:     Finished server process [13396]
2026-09-02 08:14:46.678: Traceback (most recent call last):
2026-09-02 08:14:46.679:   File "<frozen runpy>", line 203, in _run_module_as_main
2026-09-02 08:14:46.679:   File "<frozen runpy>", line 88, in _run_code
2026-09-02 08:14:46.679:   File "C:\Vineeth\Applications\TAAAIDOCASSIST\venv\Scripts\uvicorn.exe\__main__.py", line 5, in <module>
2026-09-02 08:14:46.679:     sys.exit(main())
2026-09-02 08:14:46.680:              ~~~~^^
2026-09-02 08:14:46.680:   File "C:\Vineeth\AI\Document Processing\DARAI-CHAT\venv\Lib\site-packages\click\core.py", line 1631, in __call__
2026-09-02 08:14:46.680:     return self.main(*args, **kwargs)
2026-09-02 08:14:46.680:            ~~~~~~~~~^^^^^^^^^^^^^^^^^
2026-09-02 08:14:46.680:   File "C:\Vineeth\AI\Document Processing\DARAI-CHAT\venv\Lib\site-packages\click\core.py", line 1552, in main
2026-09-02 08:14:46.680:     rv = self.invoke(ctx)
2026-09-02 08:14:46.680:   File "C:\Vineeth\AI\Document Processing\DARAI-CHAT\venv\Lib\site-packages\click\core.py", line 1415, in invoke
2026-09-02 08:14:46.680:     return ctx.invoke(self.callback, **ctx.params)
2026-09-02 08:14:46.680:            ~~~~~~~~~~^^^^^^^^^^^^^^^^^^^^^^^^^^^^^
2026-09-02 08:14:46.680:   File "C:\Vineeth\AI\Document Processing\DARAI-CHAT\venv\Lib\site-packages\click\core.py", line 910, in invoke
2026-09-02 08:14:46.680:     return callback(*args, **kwargs)
2026-09-02 08:14:46.680:   File "C:\Vineeth\AI\Document Processing\DARAI-CHAT\venv\Lib\site-packages\uvicorn\main.py", line 440, in main
2026-09-02 08:14:46.680:     run(
2026-09-02 08:14:46.680:     ~~~^
2026-09-02 08:14:46.680:         app,
2026-09-02 08:14:46.680:         ^^^^
2026-09-02 08:14:46.680:     ...<48 lines>...
2026-09-02 08:14:46.680:         reset_contextvars=reset_contextvars,
2026-09-02 08:14:46.680:         ^^^^^^^^^^^^^^^^^^^^^^^^^^^^^^^^^^^^
2026-09-02 08:14:46.680:     )
2026-09-02 08:14:46.680:     ^
2026-09-02 08:14:46.680:   File "C:\Vineeth\AI\Document Processing\DARAI-CHAT\venv\Lib\site-packages\uvicorn\main.py", line 609, in run
2026-09-02 08:14:46.680:     config.load_app()
2026-09-02 08:14:46.680:     ~~~~~~~~~~~~~~~^^
2026-09-02 08:14:46.680:   File "C:\Vineeth\AI\Document Processing\DARAI-CHAT\venv\Lib\site-packages\uvicorn\config.py", line 428, in load_app
2026-09-02 08:14:46.680:     return import_from_string(self.app)
2026-09-02 08:14:46.680:   File "C:\Vineeth\AI\Document Processing\DARAI-CHAT\venv\Lib\site-packages\uvicorn\importer.py", line 22, in import_from_string
2026-09-02 08:14:46.680:     raise exc from None
2026-09-02 08:14:46.680:   File "C:\Vineeth\AI\Document Processing\DARAI-CHAT\venv\Lib\site-packages\uvicorn\importer.py", line 19, in import_from_string
2026-09-02 08:14:46.680:     module = importlib.import_module(module_str)
2026-09-02 08:14:46.680:   File "C:\Python314\Lib\importlib\__init__.py", line 88, in import_module
2026-09-02 08:14:46.680:     return _bootstrap._gcd_import(name[level:], package, level)
2026-09-02 08:14:46.680:            ~~~~~~~~~~~~~~~~~~~~~~^^^^^^^^^^^^^^^^^^^^^^^^^^^^^^
2026-09-02 08:14:46.680:   File "<frozen importlib._bootstrap>", line 1406, in _gcd_import
2026-09-02 08:14:46.680:   File "<frozen importlib._bootstrap>", line 1371, in _find_and_load
2026-09-02 08:14:46.680:   File "<frozen importlib._bootstrap>", line 1342, in _find_and_load_unlocked
2026-09-02 08:14:46.680:   File "<frozen importlib._bootstrap>", line 938, in _load_unlocked
2026-09-02 08:14:46.680:   File "<frozen importlib._bootstrap_external>", line 759, in exec_module
2026-09-02 08:14:46.680:   File "<frozen importlib._bootstrap>", line 491, in _call_with_frames_removed
2026-09-02 08:14:46.680:   File "C:\Vineeth\Applications\TAAAIDOCASSIST\taaaidocassist_api\app\main.py", line 4, in <module>
2026-09-02 08:14:46.680:     from app.api.routes import auth, chat, data_management, documents, sources
2026-09-02 08:14:46.680:   File "C:\Vineeth\Applications\TAAAIDOCASSIST\taaaidocassist_api\app\api\routes\sources.py", line 50, in <module>
2026-09-02 08:14:46.680:     from app.services import googledrive_source, onedrive_source
2026-09-02 08:14:46.680:   File "C:\Vineeth\Applications\TAAAIDOCASSIST\taaaidocassist_api\app\services\googledrive_source.py", line 30, in <module>
2026-09-02 08:14:46.680:     from google.auth.transport.requests import Request as GoogleAuthRequest
2026-09-02 08:14:46.680: ModuleNotFoundError: No module named 'google'
2026-09-02 08:15:04.796: Traceback (most recent call last):
2026-09-02 08:15:04.798:   File "<frozen runpy>", line 203, in _run_module_as_main
2026-09-02 08:15:04.798:   File "<frozen runpy>", line 88, in _run_code
2026-09-02 08:15:04.798:   File "C:\Vineeth\Applications\TAAAIDOCASSIST\venv\Scripts\uvicorn.exe\__main__.py", line 5, in <module>
2026-09-02 08:15:04.798:     sys.exit(main())
2026-09-02 08:15:04.798:              ~~~~^^
2026-09-02 08:15:04.798:   File "C:\Vineeth\AI\Document Processing\DARAI-CHAT\venv\Lib\site-packages\click\core.py", line 1631, in __call__
2026-09-02 08:15:04.798:     return self.main(*args, **kwargs)
2026-09-02 08:15:04.798:            ~~~~~~~~~^^^^^^^^^^^^^^^^^
2026-09-02 08:15:04.798:   File "C:\Vineeth\AI\Document Processing\DARAI-CHAT\venv\Lib\site-packages\click\core.py", line 1552, in main
2026-09-02 08:15:04.798:     rv = self.invoke(ctx)
2026-09-02 08:15:04.798:   File "C:\Vineeth\AI\Document Processing\DARAI-CHAT\venv\Lib\site-packages\click\core.py", line 1415, in invoke
2026-09-02 08:15:04.798:     return ctx.invoke(self.callback, **ctx.params)
2026-09-02 08:15:04.798:            ~~~~~~~~~~^^^^^^^^^^^^^^^^^^^^^^^^^^^^^
2026-09-02 08:15:04.798:   File "C:\Vineeth\AI\Document Processing\DARAI-CHAT\venv\Lib\site-packages\click\core.py", line 910, in invoke
2026-09-02 08:15:04.798:     return callback(*args, **kwargs)
2026-09-02 08:15:04.798:   File "C:\Vineeth\AI\Document Processing\DARAI-CHAT\venv\Lib\site-packages\uvicorn\main.py", line 440, in main
2026-09-02 08:15:04.798:     run(
2026-09-02 08:15:04.798:     ~~~^
2026-09-02 08:15:04.798:         app,
2026-09-02 08:15:04.798:         ^^^^
2026-09-02 08:15:04.798:     ...<48 lines>...
2026-09-02 08:15:04.798:         reset_contextvars=reset_contextvars,
2026-09-02 08:15:04.798:         ^^^^^^^^^^^^^^^^^^^^^^^^^^^^^^^^^^^^
2026-09-02 08:15:04.798:     )
2026-09-02 08:15:04.798:     ^
2026-09-02 08:15:04.798:   File "C:\Vineeth\AI\Document Processing\DARAI-CHAT\venv\Lib\site-packages\uvicorn\main.py", line 609, in run
2026-09-02 08:15:04.798:     config.load_app()
2026-09-02 08:15:04.798:     ~~~~~~~~~~~~~~~^^
2026-09-02 08:15:04.798:   File "C:\Vineeth\AI\Document Processing\DARAI-CHAT\venv\Lib\site-packages\uvicorn\config.py", line 428, in load_app
2026-09-02 08:15:04.798:     return import_from_string(self.app)
2026-09-02 08:15:04.798:   File "C:\Vineeth\AI\Document Processing\DARAI-CHAT\venv\Lib\site-packages\uvicorn\importer.py", line 22, in import_from_string
2026-09-02 08:15:04.798:     raise exc from None
2026-09-02 08:15:04.798:   File "C:\Vineeth\AI\Document Processing\DARAI-CHAT\venv\Lib\site-packages\uvicorn\importer.py", line 19, in import_from_string
2026-09-02 08:15:04.798:     module = importlib.import_module(module_str)
2026-09-02 08:15:04.798:   File "C:\Python314\Lib\importlib\__init__.py", line 88, in import_module
2026-09-02 08:15:04.798:     return _bootstrap._gcd_import(name[level:], package, level)
2026-09-02 08:15:04.798:            ~~~~~~~~~~~~~~~~~~~~~~^^^^^^^^^^^^^^^^^^^^^^^^^^^^^^
2026-09-02 08:15:04.798:   File "<frozen importlib._bootstrap>", line 1406, in _gcd_import
2026-09-02 08:15:04.798:   File "<frozen importlib._bootstrap>", line 1371, in _find_and_load
2026-09-02 08:15:04.798:   File "<frozen importlib._bootstrap>", line 1342, in _find_and_load_unlocked
2026-09-02 08:15:04.798:   File "<frozen importlib._bootstrap>", line 938, in _load_unlocked
2026-09-02 08:15:04.798:   File "<frozen importlib._bootstrap_external>", line 759, in exec_module
2026-09-02 08:15:04.798:   File "<frozen importlib._bootstrap>", line 491, in _call_with_frames_removed
2026-09-02 08:15:04.798:   File "C:\Vineeth\Applications\TAAAIDOCASSIST\taaaidocassist_api\app\main.py", line 4, in <module>
2026-09-02 08:15:04.798:     from app.api.routes import auth, chat, data_management, documents, sources
2026-09-02 08:15:04.798:   File "C:\Vineeth\Applications\TAAAIDOCASSIST\taaaidocassist_api\app\api\routes\sources.py", line 50, in <module>
2026-09-02 08:15:04.798:     from app.services import googledrive_source, onedrive_source
2026-09-02 08:15:04.798:   File "C:\Vineeth\Applications\TAAAIDOCASSIST\taaaidocassist_api\app\services\googledrive_source.py", line 30, in <module>
2026-09-02 08:15:04.798:     from google.auth.transport.requests import Request as GoogleAuthRequest
2026-09-02 08:15:04.798: ModuleNotFoundError: No module named 'google'
2026-09-02 08:15:22.868: Traceback (most recent call last):
2026-09-02 08:15:22.870:   File "<frozen runpy>", line 203, in _run_module_as_main
2026-09-02 08:15:22.870:   File "<frozen runpy>", line 88, in _run_code
2026-09-02 08:15:22.870:   File "C:\Vineeth\Applications\TAAAIDOCASSIST\venv\Scripts\uvicorn.exe\__main__.py", line 5, in <module>
2026-09-02 08:15:22.870:     sys.exit(main())
2026-09-02 08:15:22.870:              ~~~~^^
2026-09-02 08:15:22.870:   File "C:\Vineeth\AI\Document Processing\DARAI-CHAT\venv\Lib\site-packages\click\core.py", line 1631, in __call__
2026-09-02 08:15:22.870:     return self.main(*args, **kwargs)
2026-09-02 08:15:22.870:            ~~~~~~~~~^^^^^^^^^^^^^^^^^
2026-09-02 08:15:22.870:   File "C:\Vineeth\AI\Document Processing\DARAI-CHAT\venv\Lib\site-packages\click\core.py", line 1552, in main
2026-09-02 08:15:22.870:     rv = self.invoke(ctx)
2026-09-02 08:15:22.870:   File "C:\Vineeth\AI\Document Processing\DARAI-CHAT\venv\Lib\site-packages\click\core.py", line 1415, in invoke
2026-09-02 08:15:22.870:     return ctx.invoke(self.callback, **ctx.params)
2026-09-02 08:15:22.870:            ~~~~~~~~~~^^^^^^^^^^^^^^^^^^^^^^^^^^^^^
2026-09-02 08:15:22.870:   File "C:\Vineeth\AI\Document Processing\DARAI-CHAT\venv\Lib\site-packages\click\core.py", line 910, in invoke
2026-09-02 08:15:22.870:     return callback(*args, **kwargs)
2026-09-02 08:15:22.870:   File "C:\Vineeth\AI\Document Processing\DARAI-CHAT\venv\Lib\site-packages\uvicorn\main.py", line 440, in main
2026-09-02 08:15:22.870:     run(
2026-09-02 08:15:22.870:     ~~~^
2026-09-02 08:15:22.870:         app,
2026-09-02 08:15:22.870:         ^^^^
2026-09-02 08:15:22.870:     ...<48 lines>...
2026-09-02 08:15:22.870:         reset_contextvars=reset_contextvars,
2026-09-02 08:15:22.870:         ^^^^^^^^^^^^^^^^^^^^^^^^^^^^^^^^^^^^
2026-09-02 08:15:22.870:     )
2026-09-02 08:15:22.870:     ^
2026-09-02 08:15:22.870:   File "C:\Vineeth\AI\Document Processing\DARAI-CHAT\venv\Lib\site-packages\uvicorn\main.py", line 609, in run
2026-09-02 08:15:22.870:     config.load_app()
2026-09-02 08:15:22.870:     ~~~~~~~~~~~~~~~^^
2026-09-02 08:15:22.870:   File "C:\Vineeth\AI\Document Processing\DARAI-CHAT\venv\Lib\site-packages\uvicorn\config.py", line 428, in load_app
2026-09-02 08:15:22.870:     return import_from_string(self.app)
2026-09-02 08:15:22.870:   File "C:\Vineeth\AI\Document Processing\DARAI-CHAT\venv\Lib\site-packages\uvicorn\importer.py", line 22, in import_from_string
2026-09-02 08:15:22.870:     raise exc from None
2026-09-02 08:15:22.870:   File "C:\Vineeth\AI\Document Processing\DARAI-CHAT\venv\Lib\site-packages\uvicorn\importer.py", line 19, in import_from_string
2026-09-02 08:15:22.870:     module = importlib.import_module(module_str)
2026-09-02 08:15:22.870:   File "C:\Python314\Lib\importlib\__init__.py", line 88, in import_module
2026-09-02 08:15:22.870:     return _bootstrap._gcd_import(name[level:], package, level)
2026-09-02 08:15:22.870:            ~~~~~~~~~~~~~~~~~~~~~~^^^^^^^^^^^^^^^^^^^^^^^^^^^^^^
2026-09-02 08:15:22.870:   File "<frozen importlib._bootstrap>", line 1406, in _gcd_import
2026-09-02 08:15:22.870:   File "<frozen importlib._bootstrap>", line 1371, in _find_and_load
2026-09-02 08:15:22.870:   File "<frozen importlib._bootstrap>", line 1342, in _find_and_load_unlocked
2026-09-02 08:15:22.870:   File "<frozen importlib._bootstrap>", line 938, in _load_unlocked
2026-09-02 08:15:22.870:   File "<frozen importlib._bootstrap_external>", line 759, in exec_module
2026-09-02 08:15:22.870:   File "<frozen importlib._bootstrap>", line 491, in _call_with_frames_removed
2026-09-02 08:15:22.870:   File "C:\Vineeth\Applications\TAAAIDOCASSIST\taaaidocassist_api\app\main.py", line 4, in <module>
2026-09-02 08:15:22.870:     from app.api.routes import auth, chat, data_management, documents, sources
2026-09-02 08:15:22.870:   File "C:\Vineeth\Applications\TAAAIDOCASSIST\taaaidocassist_api\app\api\routes\sources.py", line 50, in <module>
2026-09-02 08:15:22.870:     from app.services import googledrive_source, onedrive_source
2026-09-02 08:15:22.870:   File "C:\Vineeth\Applications\TAAAIDOCASSIST\taaaidocassist_api\app\services\googledrive_source.py", line 30, in <module>
2026-09-02 08:15:22.870:     from google.auth.transport.requests import Request as GoogleAuthRequest
2026-09-02 08:15:22.870: ModuleNotFoundError: No module named 'google'
2026-09-02 08:15:40.952: Traceback (most recent call last):
2026-09-02 08:15:40.953:   File "<frozen runpy>", line 203, in _run_module_as_main
2026-09-02 08:15:40.954:   File "<frozen runpy>", line 88, in _run_code
2026-09-02 08:15:40.954:   File "C:\Vineeth\Applications\TAAAIDOCASSIST\venv\Scripts\uvicorn.exe\__main__.py", line 5, in <module>
2026-09-02 08:15:40.954:     sys.exit(main())
2026-09-02 08:15:40.954:              ~~~~^^
2026-09-02 08:15:40.954:   File "C:\Vineeth\AI\Document Processing\DARAI-CHAT\venv\Lib\site-packages\click\core.py", line 1631, in __call__
2026-09-02 08:15:40.954:     return self.main(*args, **kwargs)
2026-09-02 08:15:40.954:            ~~~~~~~~~^^^^^^^^^^^^^^^^^
2026-09-02 08:15:40.954:   File "C:\Vineeth\AI\Document Processing\DARAI-CHAT\venv\Lib\site-packages\click\core.py", line 1552, in main
2026-09-02 08:15:40.954:     rv = self.invoke(ctx)
2026-09-02 08:15:40.954:   File "C:\Vineeth\AI\Document Processing\DARAI-CHAT\venv\Lib\site-packages\click\core.py", line 1415, in invoke
2026-09-02 08:15:40.954:     return ctx.invoke(self.callback, **ctx.params)
2026-09-02 08:15:40.954:            ~~~~~~~~~~^^^^^^^^^^^^^^^^^^^^^^^^^^^^^
2026-09-02 08:15:40.954:   File "C:\Vineeth\AI\Document Processing\DARAI-CHAT\venv\Lib\site-packages\click\core.py", line 910, in invoke
2026-09-02 08:15:40.954:     return callback(*args, **kwargs)
2026-09-02 08:15:40.954:   File "C:\Vineeth\AI\Document Processing\DARAI-CHAT\venv\Lib\site-packages\uvicorn\main.py", line 440, in main
2026-09-02 08:15:40.954:     run(
2026-09-02 08:15:40.954:     ~~~^
2026-09-02 08:15:40.954:         app,
2026-09-02 08:15:40.954:         ^^^^
2026-09-02 08:15:40.954:     ...<48 lines>...
2026-09-02 08:15:40.954:         reset_contextvars=reset_contextvars,
2026-09-02 08:15:40.954:         ^^^^^^^^^^^^^^^^^^^^^^^^^^^^^^^^^^^^
2026-09-02 08:15:40.954:     )
2026-09-02 08:15:40.954:     ^
2026-09-02 08:15:40.954:   File "C:\Vineeth\AI\Document Processing\DARAI-CHAT\venv\Lib\site-packages\uvicorn\main.py", line 609, in run
2026-09-02 08:15:40.954:     config.load_app()
2026-09-02 08:15:40.954:     ~~~~~~~~~~~~~~~^^
2026-09-02 08:15:40.954:   File "C:\Vineeth\AI\Document Processing\DARAI-CHAT\venv\Lib\site-packages\uvicorn\config.py", line 428, in load_app
2026-09-02 08:15:40.954:     return import_from_string(self.app)
2026-09-02 08:15:40.954:   File "C:\Vineeth\AI\Document Processing\DARAI-CHAT\venv\Lib\site-packages\uvicorn\importer.py", line 22, in import_from_string
2026-09-02 08:15:40.954:     raise exc from None
2026-09-02 08:15:40.954:   File "C:\Vineeth\AI\Document Processing\DARAI-CHAT\venv\Lib\site-packages\uvicorn\importer.py", line 19, in import_from_string
2026-09-02 08:15:40.954:     module = importlib.import_module(module_str)
2026-09-02 08:15:40.954:   File "C:\Python314\Lib\importlib\__init__.py", line 88, in import_module
2026-09-02 08:15:40.954:     return _bootstrap._gcd_import(name[level:], package, level)
2026-09-02 08:15:40.954:            ~~~~~~~~~~~~~~~~~~~~~~^^^^^^^^^^^^^^^^^^^^^^^^^^^^^^
2026-09-02 08:15:40.954:   File "<frozen importlib._bootstrap>", line 1406, in _gcd_import
2026-09-02 08:15:40.954:   File "<frozen importlib._bootstrap>", line 1371, in _find_and_load
2026-09-02 08:15:40.954:   File "<frozen importlib._bootstrap>", line 1342, in _find_and_load_unlocked
2026-09-02 08:15:40.954:   File "<frozen importlib._bootstrap>", line 938, in _load_unlocked
2026-09-02 08:15:40.954:   File "<frozen importlib._bootstrap_external>", line 759, in exec_module
2026-09-02 08:15:40.954:   File "<frozen importlib._bootstrap>", line 491, in _call_with_frames_removed
2026-09-02 08:15:40.954:   File "C:\Vineeth\Applications\TAAAIDOCASSIST\taaaidocassist_api\app\main.py", line 4, in <module>
2026-09-02 08:15:40.954:     from app.api.routes import auth, chat, data_management, documents, sources
2026-09-02 08:15:40.954:   File "C:\Vineeth\Applications\TAAAIDOCASSIST\taaaidocassist_api\app\api\routes\sources.py", line 50, in <module>
2026-09-02 08:15:40.954:     from app.services import googledrive_source, onedrive_source
2026-09-02 08:15:40.954:   File "C:\Vineeth\Applications\TAAAIDOCASSIST\taaaidocassist_api\app\services\googledrive_source.py", line 30, in <module>
2026-09-02 08:15:40.954:     from google.auth.transport.requests import Request as GoogleAuthRequest
2026-09-02 08:15:40.954: ModuleNotFoundError: No module named 'google'
2026-09-02 08:15:59.010: Traceback (most recent call last):
2026-09-02 08:15:59.012:   File "<frozen runpy>", line 203, in _run_module_as_main
2026-09-02 08:15:59.012:   File "<frozen runpy>", line 88, in _run_code
2026-09-02 08:15:59.012:   File "C:\Vineeth\Applications\TAAAIDOCASSIST\venv\Scripts\uvicorn.exe\__main__.py", line 5, in <module>
2026-09-02 08:15:59.012:     sys.exit(main())
2026-09-02 08:15:59.012:              ~~~~^^
2026-09-02 08:15:59.012:   File "C:\Vineeth\AI\Document Processing\DARAI-CHAT\venv\Lib\site-packages\click\core.py", line 1631, in __call__
2026-09-02 08:15:59.012:     return self.main(*args, **kwargs)
2026-09-02 08:15:59.012:            ~~~~~~~~~^^^^^^^^^^^^^^^^^
2026-09-02 08:15:59.012:   File "C:\Vineeth\AI\Document Processing\DARAI-CHAT\venv\Lib\site-packages\click\core.py", line 1552, in main
2026-09-02 08:15:59.012:     rv = self.invoke(ctx)
2026-09-02 08:15:59.012:   File "C:\Vineeth\AI\Document Processing\DARAI-CHAT\venv\Lib\site-packages\click\core.py", line 1415, in invoke
2026-09-02 08:15:59.012:     return ctx.invoke(self.callback, **ctx.params)
2026-09-02 08:15:59.012:            ~~~~~~~~~~^^^^^^^^^^^^^^^^^^^^^^^^^^^^^
2026-09-02 08:15:59.012:   File "C:\Vineeth\AI\Document Processing\DARAI-CHAT\venv\Lib\site-packages\click\core.py", line 910, in invoke
2026-09-02 08:15:59.012:     return callback(*args, **kwargs)
2026-09-02 08:15:59.012:   File "C:\Vineeth\AI\Document Processing\DARAI-CHAT\venv\Lib\site-packages\uvicorn\main.py", line 440, in main
2026-09-02 08:15:59.012:     run(
2026-09-02 08:15:59.012:     ~~~^
2026-09-02 08:15:59.012:         app,
2026-09-02 08:15:59.012:         ^^^^
2026-09-02 08:15:59.012:     ...<48 lines>...
2026-09-02 08:15:59.012:         reset_contextvars=reset_contextvars,
2026-09-02 08:15:59.012:         ^^^^^^^^^^^^^^^^^^^^^^^^^^^^^^^^^^^^
2026-09-02 08:15:59.012:     )
2026-09-02 08:15:59.012:     ^
2026-09-02 08:15:59.012:   File "C:\Vineeth\AI\Document Processing\DARAI-CHAT\venv\Lib\site-packages\uvicorn\main.py", line 609, in run
2026-09-02 08:15:59.012:     config.load_app()
2026-09-02 08:15:59.012:     ~~~~~~~~~~~~~~~^^
2026-09-02 08:15:59.012:   File "C:\Vineeth\AI\Document Processing\DARAI-CHAT\venv\Lib\site-packages\uvicorn\config.py", line 428, in load_app
2026-09-02 08:15:59.012:     return import_from_string(self.app)
2026-09-02 08:15:59.012:   File "C:\Vineeth\AI\Document Processing\DARAI-CHAT\venv\Lib\site-packages\uvicorn\importer.py", line 22, in import_from_string
2026-09-02 08:15:59.012:     raise exc from None
2026-09-02 08:15:59.012:   File "C:\Vineeth\AI\Document Processing\DARAI-CHAT\venv\Lib\site-packages\uvicorn\importer.py", line 19, in import_from_string
2026-09-02 08:15:59.012:     module = importlib.import_module(module_str)
2026-09-02 08:15:59.012:   File "C:\Python314\Lib\importlib\__init__.py", line 88, in import_module
2026-09-02 08:15:59.012:     return _bootstrap._gcd_import(name[level:], package, level)
2026-09-02 08:15:59.012:            ~~~~~~~~~~~~~~~~~~~~~~^^^^^^^^^^^^^^^^^^^^^^^^^^^^^^
2026-09-02 08:15:59.012:   File "<frozen importlib._bootstrap>", line 1406, in _gcd_import
2026-09-02 08:15:59.012:   File "<frozen importlib._bootstrap>", line 1371, in _find_and_load
2026-09-02 08:15:59.012:   File "<frozen importlib._bootstrap>", line 1342, in _find_and_load_unlocked
2026-09-02 08:15:59.012:   File "<frozen importlib._bootstrap>", line 938, in _load_unlocked
2026-09-02 08:15:59.012:   File "<frozen importlib._bootstrap_external>", line 759, in exec_module
2026-09-02 08:15:59.012:   File "<frozen importlib._bootstrap>", line 491, in _call_with_frames_removed
2026-09-02 08:15:59.012:   File "C:\Vineeth\Applications\TAAAIDOCASSIST\taaaidocassist_api\app\main.py", line 4, in <module>
2026-09-02 08:15:59.012:     from app.api.routes import auth, chat, data_management, documents, sources
2026-09-02 08:15:59.012:   File "C:\Vineeth\Applications\TAAAIDOCASSIST\taaaidocassist_api\app\api\routes\sources.py", line 50, in <module>
2026-09-02 08:15:59.012:     from app.services import googledrive_source, onedrive_source
2026-09-02 08:15:59.012:   File "C:\Vineeth\Applications\TAAAIDOCASSIST\taaaidocassist_api\app\services\googledrive_source.py", line 30, in <module>
2026-09-02 08:15:59.012:     from google.auth.transport.requests import Request as GoogleAuthRequest
2026-09-02 08:15:59.012: ModuleNotFoundError: No module named 'google'
2026-09-02 08:16:17.142: Traceback (most recent call last):
2026-09-02 08:16:17.144:   File "<frozen runpy>", line 203, in _run_module_as_main
2026-09-02 08:16:17.144:   File "<frozen runpy>", line 88, in _run_code
2026-09-02 08:16:17.144:   File "C:\Vineeth\Applications\TAAAIDOCASSIST\venv\Scripts\uvicorn.exe\__main__.py", line 5, in <module>
2026-09-02 08:16:17.144:     sys.exit(main())
2026-09-02 08:16:17.144:              ~~~~^^
2026-09-02 08:16:17.144:   File "C:\Vineeth\AI\Document Processing\DARAI-CHAT\venv\Lib\site-packages\click\core.py", line 1631, in __call__
2026-09-02 08:16:17.144:     return self.main(*args, **kwargs)
2026-09-02 08:16:17.144:            ~~~~~~~~~^^^^^^^^^^^^^^^^^
2026-09-02 08:16:17.144:   File "C:\Vineeth\AI\Document Processing\DARAI-CHAT\venv\Lib\site-packages\click\core.py", line 1552, in main
2026-09-02 08:16:17.144:     rv = self.invoke(ctx)
2026-09-02 08:16:17.144:   File "C:\Vineeth\AI\Document Processing\DARAI-CHAT\venv\Lib\site-packages\click\core.py", line 1415, in invoke
2026-09-02 08:16:17.144:     return ctx.invoke(self.callback, **ctx.params)
2026-09-02 08:16:17.144:            ~~~~~~~~~~^^^^^^^^^^^^^^^^^^^^^^^^^^^^^
2026-09-02 08:16:17.144:   File "C:\Vineeth\AI\Document Processing\DARAI-CHAT\venv\Lib\site-packages\click\core.py", line 910, in invoke
2026-09-02 08:16:17.144:     return callback(*args, **kwargs)
2026-09-02 08:16:17.144:   File "C:\Vineeth\AI\Document Processing\DARAI-CHAT\venv\Lib\site-packages\uvicorn\main.py", line 440, in main
2026-09-02 08:16:17.144:     run(
2026-09-02 08:16:17.144:     ~~~^
2026-09-02 08:16:17.144:         app,
2026-09-02 08:16:17.144:         ^^^^
2026-09-02 08:16:17.144:     ...<48 lines>...
2026-09-02 08:16:17.144:         reset_contextvars=reset_contextvars,
2026-09-02 08:16:17.144:         ^^^^^^^^^^^^^^^^^^^^^^^^^^^^^^^^^^^^
2026-09-02 08:16:17.144:     )
2026-09-02 08:16:17.144:     ^
2026-09-02 08:16:17.144:   File "C:\Vineeth\AI\Document Processing\DARAI-CHAT\venv\Lib\site-packages\uvicorn\main.py", line 609, in run
2026-09-02 08:16:17.144:     config.load_app()
2026-09-02 08:16:17.144:     ~~~~~~~~~~~~~~~^^
2026-09-02 08:16:17.144:   File "C:\Vineeth\AI\Document Processing\DARAI-CHAT\venv\Lib\site-packages\uvicorn\config.py", line 428, in load_app
2026-09-02 08:16:17.144:     return import_from_string(self.app)
2026-09-02 08:16:17.144:   File "C:\Vineeth\AI\Document Processing\DARAI-CHAT\venv\Lib\site-packages\uvicorn\importer.py", line 22, in import_from_string
2026-09-02 08:16:17.144:     raise exc from None
2026-09-02 08:16:17.144:   File "C:\Vineeth\AI\Document Processing\DARAI-CHAT\venv\Lib\site-packages\uvicorn\importer.py", line 19, in import_from_string
2026-09-02 08:16:17.144:     module = importlib.import_module(module_str)
2026-09-02 08:16:17.144:   File "C:\Python314\Lib\importlib\__init__.py", line 88, in import_module
2026-09-02 08:16:17.144:     return _bootstrap._gcd_import(name[level:], package, level)
2026-09-02 08:16:17.144:            ~~~~~~~~~~~~~~~~~~~~~~^^^^^^^^^^^^^^^^^^^^^^^^^^^^^^
2026-09-02 08:16:17.144:   File "<frozen importlib._bootstrap>", line 1406, in _gcd_import
2026-09-02 08:16:17.144:   File "<frozen importlib._bootstrap>", line 1371, in _find_and_load
2026-09-02 08:16:17.144:   File "<frozen importlib._bootstrap>", line 1342, in _find_and_load_unlocked
2026-09-02 08:16:17.144:   File "<frozen importlib._bootstrap>", line 938, in _load_unlocked
2026-09-02 08:16:17.144:   File "<frozen importlib._bootstrap_external>", line 759, in exec_module
2026-09-02 08:16:17.144:   File "<frozen importlib._bootstrap>", line 491, in _call_with_frames_removed
2026-09-02 08:16:17.144:   File "C:\Vineeth\Applications\TAAAIDOCASSIST\taaaidocassist_api\app\main.py", line 4, in <module>
2026-09-02 08:16:17.144:     from app.api.routes import auth, chat, data_management, documents, sources
2026-09-02 08:16:17.144:   File "C:\Vineeth\Applications\TAAAIDOCASSIST\taaaidocassist_api\app\api\routes\sources.py", line 50, in <module>
2026-09-02 08:16:17.144:     from app.services import googledrive_source, onedrive_source
2026-09-02 08:16:17.144:   File "C:\Vineeth\Applications\TAAAIDOCASSIST\taaaidocassist_api\app\services\googledrive_source.py", line 30, in <module>
2026-09-02 08:16:17.144:     from google.auth.transport.requests import Request as GoogleAuthRequest
2026-09-02 08:16:17.144: ModuleNotFoundError: No module named 'google'
2026-09-02 08:16:35.202: Traceback (most recent call last):
2026-09-02 08:16:35.203:   File "<frozen runpy>", line 203, in _run_module_as_main
2026-09-02 08:16:35.203:   File "<frozen runpy>", line 88, in _run_code
2026-09-02 08:16:35.203:   File "C:\Vineeth\Applications\TAAAIDOCASSIST\venv\Scripts\uvicorn.exe\__main__.py", line 5, in <module>
2026-09-02 08:16:35.203:     sys.exit(main())
2026-09-02 08:16:35.203:              ~~~~^^
2026-09-02 08:16:35.203:   File "C:\Vineeth\AI\Document Processing\DARAI-CHAT\venv\Lib\site-packages\click\core.py", line 1631, in __call__
2026-09-02 08:16:35.203:     return self.main(*args, **kwargs)
2026-09-02 08:16:35.203:            ~~~~~~~~~^^^^^^^^^^^^^^^^^
2026-09-02 08:16:35.203:   File "C:\Vineeth\AI\Document Processing\DARAI-CHAT\venv\Lib\site-packages\click\core.py", line 1552, in main
2026-09-02 08:16:35.203:     rv = self.invoke(ctx)
2026-09-02 08:16:35.203:   File "C:\Vineeth\AI\Document Processing\DARAI-CHAT\venv\Lib\site-packages\click\core.py", line 1415, in invoke
2026-09-02 08:16:35.203:     return ctx.invoke(self.callback, **ctx.params)
2026-09-02 08:16:35.203:            ~~~~~~~~~~^^^^^^^^^^^^^^^^^^^^^^^^^^^^^
2026-09-02 08:16:35.203:   File "C:\Vineeth\AI\Document Processing\DARAI-CHAT\venv\Lib\site-packages\click\core.py", line 910, in invoke
2026-09-02 08:16:35.203:     return callback(*args, **kwargs)
2026-09-02 08:16:35.203:   File "C:\Vineeth\AI\Document Processing\DARAI-CHAT\venv\Lib\site-packages\uvicorn\main.py", line 440, in main
2026-09-02 08:16:35.203:     run(
2026-09-02 08:16:35.203:     ~~~^
2026-09-02 08:16:35.203:         app,
2026-09-02 08:16:35.203:         ^^^^
2026-09-02 08:16:35.203:     ...<48 lines>...
2026-09-02 08:16:35.203:         reset_contextvars=reset_contextvars,
2026-09-02 08:16:35.203:         ^^^^^^^^^^^^^^^^^^^^^^^^^^^^^^^^^^^^
2026-09-02 08:16:35.203:     )
2026-09-02 08:16:35.203:     ^
2026-09-02 08:16:35.203:   File "C:\Vineeth\AI\Document Processing\DARAI-CHAT\venv\Lib\site-packages\uvicorn\main.py", line 609, in run
2026-09-02 08:16:35.203:     config.load_app()
2026-09-02 08:16:35.203:     ~~~~~~~~~~~~~~~^^
2026-09-02 08:16:35.203:   File "C:\Vineeth\AI\Document Processing\DARAI-CHAT\venv\Lib\site-packages\uvicorn\config.py", line 428, in load_app
2026-09-02 08:16:35.203:     return import_from_string(self.app)
2026-09-02 08:16:35.203:   File "C:\Vineeth\AI\Document Processing\DARAI-CHAT\venv\Lib\site-packages\uvicorn\importer.py", line 22, in import_from_string
2026-09-02 08:16:35.203:     raise exc from None
2026-09-02 08:16:35.203:   File "C:\Vineeth\AI\Document Processing\DARAI-CHAT\venv\Lib\site-packages\uvicorn\importer.py", line 19, in import_from_string
2026-09-02 08:16:35.203:     module = importlib.import_module(module_str)
2026-09-02 08:16:35.203:   File "C:\Python314\Lib\importlib\__init__.py", line 88, in import_module
2026-09-02 08:16:35.203:     return _bootstrap._gcd_import(name[level:], package, level)
2026-09-02 08:16:35.203:            ~~~~~~~~~~~~~~~~~~~~~~^^^^^^^^^^^^^^^^^^^^^^^^^^^^^^
2026-09-02 08:16:35.203:   File "<frozen importlib._bootstrap>", line 1406, in _gcd_import
2026-09-02 08:16:35.203:   File "<frozen importlib._bootstrap>", line 1371, in _find_and_load
2026-09-02 08:16:35.203:   File "<frozen importlib._bootstrap>", line 1342, in _find_and_load_unlocked
2026-09-02 08:16:35.203:   File "<frozen importlib._bootstrap>", line 938, in _load_unlocked
2026-09-02 08:16:35.203:   File "<frozen importlib._bootstrap_external>", line 759, in exec_module
2026-09-02 08:16:35.203:   File "<frozen importlib._bootstrap>", line 491, in _call_with_frames_removed
2026-09-02 08:16:35.203:   File "C:\Vineeth\Applications\TAAAIDOCASSIST\taaaidocassist_api\app\main.py", line 4, in <module>
2026-09-02 08:16:35.203:     from app.api.routes import auth, chat, data_management, documents, sources
2026-09-02 08:16:35.203:   File "C:\Vineeth\Applications\TAAAIDOCASSIST\taaaidocassist_api\app\api\routes\sources.py", line 50, in <module>
2026-09-02 08:16:35.203:     from app.services import googledrive_source, onedrive_source
2026-09-02 08:16:35.203:   File "C:\Vineeth\Applications\TAAAIDOCASSIST\taaaidocassist_api\app\services\googledrive_source.py", line 30, in <module>
2026-09-02 08:16:35.203:     from google.auth.transport.requests import Request as GoogleAuthRequest
2026-09-02 08:16:35.203: ModuleNotFoundError: No module named 'google'
2026-09-02 08:16:53.273: Traceback (most recent call last):
2026-09-02 08:16:53.274:   File "<frozen runpy>", line 203, in _run_module_as_main
2026-09-02 08:16:53.274:   File "<frozen runpy>", line 88, in _run_code
2026-09-02 08:16:53.274:   File "C:\Vineeth\Applications\TAAAIDOCASSIST\venv\Scripts\uvicorn.exe\__main__.py", line 5, in <module>
2026-09-02 08:16:53.274:     sys.exit(main())
2026-09-02 08:16:53.274:              ~~~~^^
2026-09-02 08:16:53.274:   File "C:\Vineeth\AI\Document Processing\DARAI-CHAT\venv\Lib\site-packages\click\core.py", line 1631, in __call__
2026-09-02 08:16:53.274:     return self.main(*args, **kwargs)
2026-09-02 08:16:53.274:            ~~~~~~~~~^^^^^^^^^^^^^^^^^
2026-09-02 08:16:53.274:   File "C:\Vineeth\AI\Document Processing\DARAI-CHAT\venv\Lib\site-packages\click\core.py", line 1552, in main
2026-09-02 08:16:53.274:     rv = self.invoke(ctx)
2026-09-02 08:16:53.274:   File "C:\Vineeth\AI\Document Processing\DARAI-CHAT\venv\Lib\site-packages\click\core.py", line 1415, in invoke
2026-09-02 08:16:53.274:     return ctx.invoke(self.callback, **ctx.params)
2026-09-02 08:16:53.274:            ~~~~~~~~~~^^^^^^^^^^^^^^^^^^^^^^^^^^^^^
2026-09-02 08:16:53.274:   File "C:\Vineeth\AI\Document Processing\DARAI-CHAT\venv\Lib\site-packages\click\core.py", line 910, in invoke
2026-09-02 08:16:53.274:     return callback(*args, **kwargs)
2026-09-02 08:16:53.274:   File "C:\Vineeth\AI\Document Processing\DARAI-CHAT\venv\Lib\site-packages\uvicorn\main.py", line 440, in main
2026-09-02 08:16:53.274:     run(
2026-09-02 08:16:53.274:     ~~~^
2026-09-02 08:16:53.274:         app,
2026-09-02 08:16:53.274:         ^^^^
2026-09-02 08:16:53.274:     ...<48 lines>...
2026-09-02 08:16:53.274:         reset_contextvars=reset_contextvars,
2026-09-02 08:16:53.274:         ^^^^^^^^^^^^^^^^^^^^^^^^^^^^^^^^^^^^
2026-09-02 08:16:53.274:     )
2026-09-02 08:16:53.274:     ^
2026-09-02 08:16:53.274:   File "C:\Vineeth\AI\Document Processing\DARAI-CHAT\venv\Lib\site-packages\uvicorn\main.py", line 609, in run
2026-09-02 08:16:53.274:     config.load_app()
2026-09-02 08:16:53.274:     ~~~~~~~~~~~~~~~^^
2026-09-02 08:16:53.274:   File "C:\Vineeth\AI\Document Processing\DARAI-CHAT\venv\Lib\site-packages\uvicorn\config.py", line 428, in load_app
2026-09-02 08:16:53.274:     return import_from_string(self.app)
2026-09-02 08:16:53.274:   File "C:\Vineeth\AI\Document Processing\DARAI-CHAT\venv\Lib\site-packages\uvicorn\importer.py", line 22, in import_from_string
2026-09-02 08:16:53.274:     raise exc from None
2026-09-02 08:16:53.276:   File "C:\Vineeth\AI\Document Processing\DARAI-CHAT\venv\Lib\site-packages\uvicorn\importer.py", line 19, in import_from_string
2026-09-02 08:16:53.276:     module = importlib.import_module(module_str)
2026-09-02 08:16:53.276:   File "C:\Python314\Lib\importlib\__init__.py", line 88, in import_module
2026-09-02 08:16:53.276:     return _bootstrap._gcd_import(name[level:], package, level)
2026-09-02 08:16:53.276:            ~~~~~~~~~~~~~~~~~~~~~~^^^^^^^^^^^^^^^^^^^^^^^^^^^^^^
2026-09-02 08:16:53.276:   File "<frozen importlib._bootstrap>", line 1406, in _gcd_import
2026-09-02 08:16:53.276:   File "<frozen importlib._bootstrap>", line 1371, in _find_and_load
2026-09-02 08:16:53.276:   File "<frozen importlib._bootstrap>", line 1342, in _find_and_load_unlocked
2026-09-02 08:16:53.276:   File "<frozen importlib._bootstrap>", line 938, in _load_unlocked
2026-09-02 08:16:53.276:   File "<frozen importlib._bootstrap_external>", line 759, in exec_module
2026-09-02 08:16:53.276:   File "<frozen importlib._bootstrap>", line 491, in _call_with_frames_removed
2026-09-02 08:16:53.276:   File "C:\Vineeth\Applications\TAAAIDOCASSIST\taaaidocassist_api\app\main.py", line 4, in <module>
2026-09-02 08:16:53.276:     from app.api.routes import auth, chat, data_management, documents, sources
2026-09-02 08:16:53.276:   File "C:\Vineeth\Applications\TAAAIDOCASSIST\taaaidocassist_api\app\api\routes\sources.py", line 50, in <module>
2026-09-02 08:16:53.276:     from app.services import googledrive_source, onedrive_source
2026-09-02 08:16:53.276:   File "C:\Vineeth\Applications\TAAAIDOCASSIST\taaaidocassist_api\app\services\googledrive_source.py", line 30, in <module>
2026-09-02 08:16:53.276:     from google.auth.transport.requests import Request as GoogleAuthRequest
2026-09-02 08:16:53.276: ModuleNotFoundError: No module named 'google'
2026-09-02 08:17:14.469: Traceback (most recent call last):
2026-09-02 08:17:14.471:   File "<frozen runpy>", line 203, in _run_module_as_main
2026-09-02 08:17:14.471:   File "<frozen runpy>", line 88, in _run_code
2026-09-02 08:17:14.471:   File "C:\Vineeth\Applications\TAAAIDOCASSIST\venv\Scripts\uvicorn.exe\__main__.py", line 5, in <module>
2026-09-02 08:17:14.471:     sys.exit(main())
2026-09-02 08:17:14.471:              ~~~~^^
2026-09-02 08:17:14.471:   File "C:\Vineeth\AI\Document Processing\DARAI-CHAT\venv\Lib\site-packages\click\core.py", line 1631, in __call__
2026-09-02 08:17:14.471:     return self.main(*args, **kwargs)
2026-09-02 08:17:14.471:            ~~~~~~~~~^^^^^^^^^^^^^^^^^
2026-09-02 08:17:14.471:   File "C:\Vineeth\AI\Document Processing\DARAI-CHAT\venv\Lib\site-packages\click\core.py", line 1552, in main
2026-09-02 08:17:14.471:     rv = self.invoke(ctx)
2026-09-02 08:17:14.471:   File "C:\Vineeth\AI\Document Processing\DARAI-CHAT\venv\Lib\site-packages\click\core.py", line 1415, in invoke
2026-09-02 08:17:14.471:     return ctx.invoke(self.callback, **ctx.params)
2026-09-02 08:17:14.471:            ~~~~~~~~~~^^^^^^^^^^^^^^^^^^^^^^^^^^^^^
2026-09-02 08:17:14.471:   File "C:\Vineeth\AI\Document Processing\DARAI-CHAT\venv\Lib\site-packages\click\core.py", line 910, in invoke
2026-09-02 08:17:14.471:     return callback(*args, **kwargs)
2026-09-02 08:17:14.471:   File "C:\Vineeth\AI\Document Processing\DARAI-CHAT\venv\Lib\site-packages\uvicorn\main.py", line 440, in main
2026-09-02 08:17:14.471:     run(
2026-09-02 08:17:14.471:     ~~~^
2026-09-02 08:17:14.471:         app,
2026-09-02 08:17:14.471:         ^^^^
2026-09-02 08:17:14.471:     ...<48 lines>...
2026-09-02 08:17:14.471:         reset_contextvars=reset_contextvars,
2026-09-02 08:17:14.471:         ^^^^^^^^^^^^^^^^^^^^^^^^^^^^^^^^^^^^
2026-09-02 08:17:14.471:     )
2026-09-02 08:17:14.471:     ^
2026-09-02 08:17:14.471:   File "C:\Vineeth\AI\Document Processing\DARAI-CHAT\venv\Lib\site-packages\uvicorn\main.py", line 609, in run
2026-09-02 08:17:14.471:     config.load_app()
2026-09-02 08:17:14.471:     ~~~~~~~~~~~~~~~^^
2026-09-02 08:17:14.471:   File "C:\Vineeth\AI\Document Processing\DARAI-CHAT\venv\Lib\site-packages\uvicorn\config.py", line 428, in load_app
2026-09-02 08:17:14.471:     return import_from_string(self.app)
2026-09-02 08:17:14.471:   File "C:\Vineeth\AI\Document Processing\DARAI-CHAT\venv\Lib\site-packages\uvicorn\importer.py", line 22, in import_from_string
2026-09-02 08:17:14.471:     raise exc from None
2026-09-02 08:17:14.471:   File "C:\Vineeth\AI\Document Processing\DARAI-CHAT\venv\Lib\site-packages\uvicorn\importer.py", line 19, in import_from_string
2026-09-02 08:17:14.471:     module = importlib.import_module(module_str)
2026-09-02 08:17:14.471:   File "C:\Python314\Lib\importlib\__init__.py", line 88, in import_module
2026-09-02 08:17:14.471:     return _bootstrap._gcd_import(name[level:], package, level)
2026-09-02 08:17:14.471:            ~~~~~~~~~~~~~~~~~~~~~~^^^^^^^^^^^^^^^^^^^^^^^^^^^^^^
2026-09-02 08:17:14.471:   File "<frozen importlib._bootstrap>", line 1406, in _gcd_import
2026-09-02 08:17:14.471:   File "<frozen importlib._bootstrap>", line 1371, in _find_and_load
2026-09-02 08:17:14.471:   File "<frozen importlib._bootstrap>", line 1342, in _find_and_load_unlocked
2026-09-02 08:17:14.471:   File "<frozen importlib._bootstrap>", line 938, in _load_unlocked
2026-09-02 08:17:14.471:   File "<frozen importlib._bootstrap_external>", line 759, in exec_module
2026-09-02 08:17:14.471:   File "<frozen importlib._bootstrap>", line 491, in _call_with_frames_removed
2026-09-02 08:17:14.471:   File "C:\Vineeth\Applications\TAAAIDOCASSIST\taaaidocassist_api\app\main.py", line 4, in <module>
2026-09-02 08:17:14.471:     from app.api.routes import auth, chat, data_management, documents, sources
2026-09-02 08:17:14.471:   File "C:\Vineeth\Applications\TAAAIDOCASSIST\taaaidocassist_api\app\api\routes\sources.py", line 50, in <module>
2026-09-02 08:17:14.471:     from app.services import googledrive_source, onedrive_source
2026-09-02 08:17:14.471:   File "C:\Vineeth\Applications\TAAAIDOCASSIST\taaaidocassist_api\app\services\googledrive_source.py", line 30, in <module>
2026-09-02 08:17:14.471:     from google.auth.transport.requests import Request as GoogleAuthRequest
2026-09-02 08:17:14.471: ModuleNotFoundError: No module named 'google'
2026-09-02 08:17:32.664: Traceback (most recent call last):
2026-09-02 08:17:32.666:   File "<frozen runpy>", line 203, in _run_module_as_main
2026-09-02 08:17:32.666:   File "<frozen runpy>", line 88, in _run_code
2026-09-02 08:17:32.666:   File "C:\Vineeth\Applications\TAAAIDOCASSIST\venv\Scripts\uvicorn.exe\__main__.py", line 5, in <module>
2026-09-02 08:17:32.666:     sys.exit(main())
2026-09-02 08:17:32.666:              ~~~~^^
2026-09-02 08:17:32.666:   File "C:\Vineeth\AI\Document Processing\DARAI-CHAT\venv\Lib\site-packages\click\core.py", line 1631, in __call__
2026-09-02 08:17:32.666:     return self.main(*args, **kwargs)
2026-09-02 08:17:32.666:            ~~~~~~~~~^^^^^^^^^^^^^^^^^
2026-09-02 08:17:32.666:   File "C:\Vineeth\AI\Document Processing\DARAI-CHAT\venv\Lib\site-packages\click\core.py", line 1552, in main
2026-09-02 08:17:32.666:     rv = self.invoke(ctx)
2026-09-02 08:17:32.666:   File "C:\Vineeth\AI\Document Processing\DARAI-CHAT\venv\Lib\site-packages\click\core.py", line 1415, in invoke
2026-09-02 08:17:32.666:     return ctx.invoke(self.callback, **ctx.params)
2026-09-02 08:17:32.666:            ~~~~~~~~~~^^^^^^^^^^^^^^^^^^^^^^^^^^^^^
2026-09-02 08:17:32.666:   File "C:\Vineeth\AI\Document Processing\DARAI-CHAT\venv\Lib\site-packages\click\core.py", line 910, in invoke
2026-09-02 08:17:32.666:     return callback(*args, **kwargs)
2026-09-02 08:17:32.666:   File "C:\Vineeth\AI\Document Processing\DARAI-CHAT\venv\Lib\site-packages\uvicorn\main.py", line 440, in main
2026-09-02 08:17:32.666:     run(
2026-09-02 08:17:32.666:     ~~~^
2026-09-02 08:17:32.666:         app,
2026-09-02 08:17:32.666:         ^^^^
2026-09-02 08:17:32.666:     ...<48 lines>...
2026-09-02 08:17:32.666:         reset_contextvars=reset_contextvars,
2026-09-02 08:17:32.666:         ^^^^^^^^^^^^^^^^^^^^^^^^^^^^^^^^^^^^
2026-09-02 08:17:32.666:     )
2026-09-02 08:17:32.666:     ^
2026-09-02 08:17:32.666:   File "C:\Vineeth\AI\Document Processing\DARAI-CHAT\venv\Lib\site-packages\uvicorn\main.py", line 609, in run
2026-09-02 08:17:32.666:     config.load_app()
2026-09-02 08:17:32.666:     ~~~~~~~~~~~~~~~^^
2026-09-02 08:17:32.666:   File "C:\Vineeth\AI\Document Processing\DARAI-CHAT\venv\Lib\site-packages\uvicorn\config.py", line 428, in load_app
2026-09-02 08:17:32.666:     return import_from_string(self.app)
2026-09-02 08:17:32.666:   File "C:\Vineeth\AI\Document Processing\DARAI-CHAT\venv\Lib\site-packages\uvicorn\importer.py", line 22, in import_from_string
2026-09-02 08:17:32.666:     raise exc from None
2026-09-02 08:17:32.666:   File "C:\Vineeth\AI\Document Processing\DARAI-CHAT\venv\Lib\site-packages\uvicorn\importer.py", line 19, in import_from_string
2026-09-02 08:17:32.666:     module = importlib.import_module(module_str)
2026-09-02 08:17:32.666:   File "C:\Python314\Lib\importlib\__init__.py", line 88, in import_module
2026-09-02 08:17:32.666:     return _bootstrap._gcd_import(name[level:], package, level)
2026-09-02 08:17:32.666:            ~~~~~~~~~~~~~~~~~~~~~~^^^^^^^^^^^^^^^^^^^^^^^^^^^^^^
2026-09-02 08:17:32.666:   File "<frozen importlib._bootstrap>", line 1406, in _gcd_import
2026-09-02 08:17:32.666:   File "<frozen importlib._bootstrap>", line 1371, in _find_and_load
2026-09-02 08:17:32.666:   File "<frozen importlib._bootstrap>", line 1342, in _find_and_load_unlocked
2026-09-02 08:17:32.666:   File "<frozen importlib._bootstrap>", line 938, in _load_unlocked
2026-09-02 08:17:32.666:   File "<frozen importlib._bootstrap_external>", line 759, in exec_module
2026-09-02 08:17:32.666:   File "<frozen importlib._bootstrap>", line 491, in _call_with_frames_removed
2026-09-02 08:17:32.666:   File "C:\Vineeth\Applications\TAAAIDOCASSIST\taaaidocassist_api\app\main.py", line 4, in <module>
2026-09-02 08:17:32.666:     from app.api.routes import auth, chat, data_management, documents, sources
2026-09-02 08:17:32.666:   File "C:\Vineeth\Applications\TAAAIDOCASSIST\taaaidocassist_api\app\api\routes\sources.py", line 50, in <module>
2026-09-02 08:17:32.666:     from app.services import googledrive_source, onedrive_source
2026-09-02 08:17:32.666:   File "C:\Vineeth\Applications\TAAAIDOCASSIST\taaaidocassist_api\app\services\googledrive_source.py", line 30, in <module>
2026-09-02 08:17:32.666:     from google.auth.transport.requests import Request as GoogleAuthRequest
2026-09-02 08:17:32.666: ModuleNotFoundError: No module named 'google'
2026-09-02 08:17:50.784: Traceback (most recent call last):
2026-09-02 08:17:50.786:   File "<frozen runpy>", line 203, in _run_module_as_main
2026-09-02 08:17:50.786:   File "<frozen runpy>", line 88, in _run_code
2026-09-02 08:17:50.786:   File "C:\Vineeth\Applications\TAAAIDOCASSIST\venv\Scripts\uvicorn.exe\__main__.py", line 5, in <module>
2026-09-02 08:17:50.786:     sys.exit(main())
2026-09-02 08:17:50.786:              ~~~~^^
2026-09-02 08:17:50.786:   File "C:\Vineeth\AI\Document Processing\DARAI-CHAT\venv\Lib\site-packages\click\core.py", line 1631, in __call__
2026-09-02 08:17:50.786:     return self.main(*args, **kwargs)
2026-09-02 08:17:50.786:            ~~~~~~~~~^^^^^^^^^^^^^^^^^
2026-09-02 08:17:50.786:   File "C:\Vineeth\AI\Document Processing\DARAI-CHAT\venv\Lib\site-packages\click\core.py", line 1552, in main
2026-09-02 08:17:50.786:     rv = self.invoke(ctx)
2026-09-02 08:17:50.786:   File "C:\Vineeth\AI\Document Processing\DARAI-CHAT\venv\Lib\site-packages\click\core.py", line 1415, in invoke
2026-09-02 08:17:50.786:     return ctx.invoke(self.callback, **ctx.params)
2026-09-02 08:17:50.786:            ~~~~~~~~~~^^^^^^^^^^^^^^^^^^^^^^^^^^^^^
2026-09-02 08:17:50.786:   File "C:\Vineeth\AI\Document Processing\DARAI-CHAT\venv\Lib\site-packages\click\core.py", line 910, in invoke
2026-09-02 08:17:50.786:     return callback(*args, **kwargs)
2026-09-02 08:17:50.786:   File "C:\Vineeth\AI\Document Processing\DARAI-CHAT\venv\Lib\site-packages\uvicorn\main.py", line 440, in main
2026-09-02 08:17:50.786:     run(
2026-09-02 08:17:50.786:     ~~~^
2026-09-02 08:17:50.786:         app,
2026-09-02 08:17:50.786:         ^^^^
2026-09-02 08:17:50.786:     ...<48 lines>...
2026-09-02 08:17:50.786:         reset_contextvars=reset_contextvars,
2026-09-02 08:17:50.786:         ^^^^^^^^^^^^^^^^^^^^^^^^^^^^^^^^^^^^
2026-09-02 08:17:50.786:     )
2026-09-02 08:17:50.786:     ^
2026-09-02 08:17:50.786:   File "C:\Vineeth\AI\Document Processing\DARAI-CHAT\venv\Lib\site-packages\uvicorn\main.py", line 609, in run
2026-09-02 08:17:50.786:     config.load_app()
2026-09-02 08:17:50.786:     ~~~~~~~~~~~~~~~^^
2026-09-02 08:17:50.786:   File "C:\Vineeth\AI\Document Processing\DARAI-CHAT\venv\Lib\site-packages\uvicorn\config.py", line 428, in load_app
2026-09-02 08:17:50.786:     return import_from_string(self.app)
2026-09-02 08:17:50.786:   File "C:\Vineeth\AI\Document Processing\DARAI-CHAT\venv\Lib\site-packages\uvicorn\importer.py", line 22, in import_from_string
2026-09-02 08:17:50.786:     raise exc from None
2026-09-02 08:17:50.786:   File "C:\Vineeth\AI\Document Processing\DARAI-CHAT\venv\Lib\site-packages\uvicorn\importer.py", line 19, in import_from_string
2026-09-02 08:17:50.786:     module = importlib.import_module(module_str)
2026-09-02 08:17:50.786:   File "C:\Python314\Lib\importlib\__init__.py", line 88, in import_module
2026-09-02 08:17:50.786:     return _bootstrap._gcd_import(name[level:], package, level)
2026-09-02 08:17:50.786:            ~~~~~~~~~~~~~~~~~~~~~~^^^^^^^^^^^^^^^^^^^^^^^^^^^^^^
2026-09-02 08:17:50.786:   File "<frozen importlib._bootstrap>", line 1406, in _gcd_import
2026-09-02 08:17:50.786:   File "<frozen importlib._bootstrap>", line 1371, in _find_and_load
2026-09-02 08:17:50.786:   File "<frozen importlib._bootstrap>", line 1342, in _find_and_load_unlocked
2026-09-02 08:17:50.786:   File "<frozen importlib._bootstrap>", line 938, in _load_unlocked
2026-09-02 08:17:50.786:   File "<frozen importlib._bootstrap_external>", line 759, in exec_module
2026-09-02 08:17:50.786:   File "<frozen importlib._bootstrap>", line 491, in _call_with_frames_removed
2026-09-02 08:17:50.786:   File "C:\Vineeth\Applications\TAAAIDOCASSIST\taaaidocassist_api\app\main.py", line 4, in <module>
2026-09-02 08:17:50.786:     from app.api.routes import auth, chat, data_management, documents, sources
2026-09-02 08:17:50.786:   File "C:\Vineeth\Applications\TAAAIDOCASSIST\taaaidocassist_api\app\api\routes\sources.py", line 50, in <module>
2026-09-02 08:17:50.786:     from app.services import googledrive_source, onedrive_source
2026-09-02 08:17:50.786:   File "C:\Vineeth\Applications\TAAAIDOCASSIST\taaaidocassist_api\app\services\googledrive_source.py", line 30, in <module>
2026-09-02 08:17:50.786:     from google.auth.transport.requests import Request as GoogleAuthRequest
2026-09-02 08:17:50.786: ModuleNotFoundError: No module named 'google'
2026-09-02 08:18:08.989: Traceback (most recent call last):
2026-09-02 08:18:08.991:   File "<frozen runpy>", line 203, in _run_module_as_main
2026-09-02 08:18:08.991:   File "<frozen runpy>", line 88, in _run_code
2026-09-02 08:18:08.991:   File "C:\Vineeth\Applications\TAAAIDOCASSIST\venv\Scripts\uvicorn.exe\__main__.py", line 5, in <module>
2026-09-02 08:18:08.991:     sys.exit(main())
2026-09-02 08:18:08.991:              ~~~~^^
2026-09-02 08:18:08.991:   File "C:\Vineeth\AI\Document Processing\DARAI-CHAT\venv\Lib\site-packages\click\core.py", line 1631, in __call__
2026-09-02 08:18:08.991:     return self.main(*args, **kwargs)
2026-09-02 08:18:08.991:            ~~~~~~~~~^^^^^^^^^^^^^^^^^
2026-09-02 08:18:08.991:   File "C:\Vineeth\AI\Document Processing\DARAI-CHAT\venv\Lib\site-packages\click\core.py", line 1552, in main
2026-09-02 08:18:08.991:     rv = self.invoke(ctx)
2026-09-02 08:18:08.991:   File "C:\Vineeth\AI\Document Processing\DARAI-CHAT\venv\Lib\site-packages\click\core.py", line 1415, in invoke
2026-09-02 08:18:08.991:     return ctx.invoke(self.callback, **ctx.params)
2026-09-02 08:18:08.991:            ~~~~~~~~~~^^^^^^^^^^^^^^^^^^^^^^^^^^^^^
2026-09-02 08:18:08.991:   File "C:\Vineeth\AI\Document Processing\DARAI-CHAT\venv\Lib\site-packages\click\core.py", line 910, in invoke
2026-09-02 08:18:08.991:     return callback(*args, **kwargs)
2026-09-02 08:18:08.991:   File "C:\Vineeth\AI\Document Processing\DARAI-CHAT\venv\Lib\site-packages\uvicorn\main.py", line 440, in main
2026-09-02 08:18:08.991:     run(
2026-09-02 08:18:08.991:     ~~~^
2026-09-02 08:18:08.991:         app,
2026-09-02 08:18:08.991:         ^^^^
2026-09-02 08:18:08.991:     ...<48 lines>...
2026-09-02 08:18:08.991:         reset_contextvars=reset_contextvars,
2026-09-02 08:18:08.991:         ^^^^^^^^^^^^^^^^^^^^^^^^^^^^^^^^^^^^
2026-09-02 08:18:08.991:     )
2026-09-02 08:18:08.991:     ^
2026-09-02 08:18:08.991:   File "C:\Vineeth\AI\Document Processing\DARAI-CHAT\venv\Lib\site-packages\uvicorn\main.py", line 609, in run
2026-09-02 08:18:08.991:     config.load_app()
2026-09-02 08:18:08.991:     ~~~~~~~~~~~~~~~^^
2026-09-02 08:18:08.991:   File "C:\Vineeth\AI\Document Processing\DARAI-CHAT\venv\Lib\site-packages\uvicorn\config.py", line 428, in load_app
2026-09-02 08:18:08.991:     return import_from_string(self.app)
2026-09-02 08:18:08.991:   File "C:\Vineeth\AI\Document Processing\DARAI-CHAT\venv\Lib\site-packages\uvicorn\importer.py", line 22, in import_from_string
2026-09-02 08:18:08.991:     raise exc from None
2026-09-02 08:18:08.991:   File "C:\Vineeth\AI\Document Processing\DARAI-CHAT\venv\Lib\site-packages\uvicorn\importer.py", line 19, in import_from_string
2026-09-02 08:18:08.991:     module = importlib.import_module(module_str)
2026-09-02 08:18:08.991:   File "C:\Python314\Lib\importlib\__init__.py", line 88, in import_module
2026-09-02 08:18:08.991:     return _bootstrap._gcd_import(name[level:], package, level)
2026-09-02 08:18:08.991:            ~~~~~~~~~~~~~~~~~~~~~~^^^^^^^^^^^^^^^^^^^^^^^^^^^^^^
2026-09-02 08:18:08.991:   File "<frozen importlib._bootstrap>", line 1406, in _gcd_import
2026-09-02 08:18:08.991:   File "<frozen importlib._bootstrap>", line 1371, in _find_and_load
2026-09-02 08:18:08.991:   File "<frozen importlib._bootstrap>", line 1342, in _find_and_load_unlocked
2026-09-02 08:18:08.991:   File "<frozen importlib._bootstrap>", line 938, in _load_unlocked
2026-09-02 08:18:08.991:   File "<frozen importlib._bootstrap_external>", line 759, in exec_module
2026-09-02 08:18:08.991:   File "<frozen importlib._bootstrap>", line 491, in _call_with_frames_removed
2026-09-02 08:18:08.991:   File "C:\Vineeth\Applications\TAAAIDOCASSIST\taaaidocassist_api\app\main.py", line 4, in <module>
2026-09-02 08:18:08.991:     from app.api.routes import auth, chat, data_management, documents, sources
2026-09-02 08:18:08.991:   File "C:\Vineeth\Applications\TAAAIDOCASSIST\taaaidocassist_api\app\api\routes\sources.py", line 50, in <module>
2026-09-02 08:18:08.991:     from app.services import googledrive_source, onedrive_source
2026-09-02 08:18:08.991:   File "C:\Vineeth\Applications\TAAAIDOCASSIST\taaaidocassist_api\app\services\googledrive_source.py", line 30, in <module>
2026-09-02 08:18:08.991:     from google.auth.transport.requests import Request as GoogleAuthRequest
2026-09-02 08:18:08.991: ModuleNotFoundError: No module named 'google'
2026-09-02 08:18:27.154: Traceback (most recent call last):
2026-09-02 08:18:27.156:   File "<frozen runpy>", line 203, in _run_module_as_main
2026-09-02 08:18:27.156:   File "<frozen runpy>", line 88, in _run_code
2026-09-02 08:18:27.156:   File "C:\Vineeth\Applications\TAAAIDOCASSIST\venv\Scripts\uvicorn.exe\__main__.py", line 5, in <module>
2026-09-02 08:18:27.156:     sys.exit(main())
2026-09-02 08:18:27.156:              ~~~~^^
2026-09-02 08:18:27.156:   File "C:\Vineeth\AI\Document Processing\DARAI-CHAT\venv\Lib\site-packages\click\core.py", line 1631, in __call__
2026-09-02 08:18:27.156:     return self.main(*args, **kwargs)
2026-09-02 08:18:27.156:            ~~~~~~~~~^^^^^^^^^^^^^^^^^
2026-09-02 08:18:27.156:   File "C:\Vineeth\AI\Document Processing\DARAI-CHAT\venv\Lib\site-packages\click\core.py", line 1552, in main
2026-09-02 08:18:27.156:     rv = self.invoke(ctx)
2026-09-02 08:18:27.156:   File "C:\Vineeth\AI\Document Processing\DARAI-CHAT\venv\Lib\site-packages\click\core.py", line 1415, in invoke
2026-09-02 08:18:27.156:     return ctx.invoke(self.callback, **ctx.params)
2026-09-02 08:18:27.156:            ~~~~~~~~~~^^^^^^^^^^^^^^^^^^^^^^^^^^^^^
2026-09-02 08:18:27.156:   File "C:\Vineeth\AI\Document Processing\DARAI-CHAT\venv\Lib\site-packages\click\core.py", line 910, in invoke
2026-09-02 08:18:27.156:     return callback(*args, **kwargs)
2026-09-02 08:18:27.156:   File "C:\Vineeth\AI\Document Processing\DARAI-CHAT\venv\Lib\site-packages\uvicorn\main.py", line 440, in main
2026-09-02 08:18:27.156:     run(
2026-09-02 08:18:27.156:     ~~~^
2026-09-02 08:18:27.156:         app,
2026-09-02 08:18:27.156:         ^^^^
2026-09-02 08:18:27.156:     ...<48 lines>...
2026-09-02 08:18:27.156:         reset_contextvars=reset_contextvars,
2026-09-02 08:18:27.156:         ^^^^^^^^^^^^^^^^^^^^^^^^^^^^^^^^^^^^
2026-09-02 08:18:27.156:     )
2026-09-02 08:18:27.156:     ^
2026-09-02 08:18:27.156:   File "C:\Vineeth\AI\Document Processing\DARAI-CHAT\venv\Lib\site-packages\uvicorn\main.py", line 609, in run
2026-09-02 08:18:27.156:     config.load_app()
2026-09-02 08:18:27.156:     ~~~~~~~~~~~~~~~^^
2026-09-02 08:18:27.156:   File "C:\Vineeth\AI\Document Processing\DARAI-CHAT\venv\Lib\site-packages\uvicorn\config.py", line 428, in load_app
2026-09-02 08:18:27.156:     return import_from_string(self.app)
2026-09-02 08:18:27.156:   File "C:\Vineeth\AI\Document Processing\DARAI-CHAT\venv\Lib\site-packages\uvicorn\importer.py", line 22, in import_from_string
2026-09-02 08:18:27.156:     raise exc from None
2026-09-02 08:18:27.156:   File "C:\Vineeth\AI\Document Processing\DARAI-CHAT\venv\Lib\site-packages\uvicorn\importer.py", line 19, in import_from_string
2026-09-02 08:18:27.156:     module = importlib.import_module(module_str)
2026-09-02 08:18:27.156:   File "C:\Python314\Lib\importlib\__init__.py", line 88, in import_module
2026-09-02 08:18:27.156:     return _bootstrap._gcd_import(name[level:], package, level)
2026-09-02 08:18:27.156:            ~~~~~~~~~~~~~~~~~~~~~~^^^^^^^^^^^^^^^^^^^^^^^^^^^^^^
2026-09-02 08:18:27.156:   File "<frozen importlib._bootstrap>", line 1406, in _gcd_import
2026-09-02 08:18:27.156:   File "<frozen importlib._bootstrap>", line 1371, in _find_and_load
2026-09-02 08:18:27.156:   File "<frozen importlib._bootstrap>", line 1342, in _find_and_load_unlocked
2026-09-02 08:18:27.156:   File "<frozen importlib._bootstrap>", line 938, in _load_unlocked
2026-09-02 08:18:27.156:   File "<frozen importlib._bootstrap_external>", line 759, in exec_module
2026-09-02 08:18:27.156:   File "<frozen importlib._bootstrap>", line 491, in _call_with_frames_removed
2026-09-02 08:18:27.156:   File "C:\Vineeth\Applications\TAAAIDOCASSIST\taaaidocassist_api\app\main.py", line 4, in <module>
2026-09-02 08:18:27.156:     from app.api.routes import auth, chat, data_management, documents, sources
2026-09-02 08:18:27.156:   File "C:\Vineeth\Applications\TAAAIDOCASSIST\taaaidocassist_api\app\api\routes\sources.py", line 50, in <module>
2026-09-02 08:18:27.156:     from app.services import googledrive_source, onedrive_source
2026-09-02 08:18:27.156:   File "C:\Vineeth\Applications\TAAAIDOCASSIST\taaaidocassist_api\app\services\googledrive_source.py", line 30, in <module>
2026-09-02 08:18:27.156:     from google.auth.transport.requests import Request as GoogleAuthRequest
2026-09-02 08:18:27.156: ModuleNotFoundError: No module named 'google'
2026-09-02 08:18:45.302: Traceback (most recent call last):
2026-09-02 08:18:45.304:   File "<frozen runpy>", line 203, in _run_module_as_main
2026-09-02 08:18:45.304:   File "<frozen runpy>", line 88, in _run_code
2026-09-02 08:18:45.304:   File "C:\Vineeth\Applications\TAAAIDOCASSIST\venv\Scripts\uvicorn.exe\__main__.py", line 5, in <module>
2026-09-02 08:18:45.304:     sys.exit(main())
2026-09-02 08:18:45.304:              ~~~~^^
2026-09-02 08:18:45.304:   File "C:\Vineeth\AI\Document Processing\DARAI-CHAT\venv\Lib\site-packages\click\core.py", line 1631, in __call__
2026-09-02 08:18:45.304:     return self.main(*args, **kwargs)
2026-09-02 08:18:45.304:            ~~~~~~~~~^^^^^^^^^^^^^^^^^
2026-09-02 08:18:45.304:   File "C:\Vineeth\AI\Document Processing\DARAI-CHAT\venv\Lib\site-packages\click\core.py", line 1552, in main
2026-09-02 08:18:45.304:     rv = self.invoke(ctx)
2026-09-02 08:18:45.304:   File "C:\Vineeth\AI\Document Processing\DARAI-CHAT\venv\Lib\site-packages\click\core.py", line 1415, in invoke
2026-09-02 08:18:45.304:     return ctx.invoke(self.callback, **ctx.params)
2026-09-02 08:18:45.304:            ~~~~~~~~~~^^^^^^^^^^^^^^^^^^^^^^^^^^^^^
2026-09-02 08:18:45.304:   File "C:\Vineeth\AI\Document Processing\DARAI-CHAT\venv\Lib\site-packages\click\core.py", line 910, in invoke
2026-09-02 08:18:45.304:     return callback(*args, **kwargs)
2026-09-02 08:18:45.304:   File "C:\Vineeth\AI\Document Processing\DARAI-CHAT\venv\Lib\site-packages\uvicorn\main.py", line 440, in main
2026-09-02 08:18:45.304:     run(
2026-09-02 08:18:45.304:     ~~~^
2026-09-02 08:18:45.304:         app,
2026-09-02 08:18:45.304:         ^^^^
2026-09-02 08:18:45.304:     ...<48 lines>...
2026-09-02 08:18:45.304:         reset_contextvars=reset_contextvars,
2026-09-02 08:18:45.304:         ^^^^^^^^^^^^^^^^^^^^^^^^^^^^^^^^^^^^
2026-09-02 08:18:45.304:     )
2026-09-02 08:18:45.304:     ^
2026-09-02 08:18:45.304:   File "C:\Vineeth\AI\Document Processing\DARAI-CHAT\venv\Lib\site-packages\uvicorn\main.py", line 609, in run
2026-09-02 08:18:45.304:     config.load_app()
2026-09-02 08:18:45.304:     ~~~~~~~~~~~~~~~^^
2026-09-02 08:18:45.304:   File "C:\Vineeth\AI\Document Processing\DARAI-CHAT\venv\Lib\site-packages\uvicorn\config.py", line 428, in load_app
2026-09-02 08:18:45.304:     return import_from_string(self.app)
2026-09-02 08:18:45.304:   File "C:\Vineeth\AI\Document Processing\DARAI-CHAT\venv\Lib\site-packages\uvicorn\importer.py", line 22, in import_from_string
2026-09-02 08:18:45.304:     raise exc from None
2026-09-02 08:18:45.304:   File "C:\Vineeth\AI\Document Processing\DARAI-CHAT\venv\Lib\site-packages\uvicorn\importer.py", line 19, in import_from_string
2026-09-02 08:18:45.304:     module = importlib.import_module(module_str)
2026-09-02 08:18:45.304:   File "C:\Python314\Lib\importlib\__init__.py", line 88, in import_module
2026-09-02 08:18:45.304:     return _bootstrap._gcd_import(name[level:], package, level)
2026-09-02 08:18:45.304:            ~~~~~~~~~~~~~~~~~~~~~~^^^^^^^^^^^^^^^^^^^^^^^^^^^^^^
2026-09-02 08:18:45.304:   File "<frozen importlib._bootstrap>", line 1406, in _gcd_import
2026-09-02 08:18:45.304:   File "<frozen importlib._bootstrap>", line 1371, in _find_and_load
2026-09-02 08:18:45.304:   File "<frozen importlib._bootstrap>", line 1342, in _find_and_load_unlocked
2026-09-02 08:18:45.304:   File "<frozen importlib._bootstrap>", line 938, in _load_unlocked
2026-09-02 08:18:45.304:   File "<frozen importlib._bootstrap_external>", line 759, in exec_module
2026-09-02 08:18:45.304:   File "<frozen importlib._bootstrap>", line 491, in _call_with_frames_removed
2026-09-02 08:18:45.304:   File "C:\Vineeth\Applications\TAAAIDOCASSIST\taaaidocassist_api\app\main.py", line 4, in <module>
2026-09-02 08:18:45.304:     from app.api.routes import auth, chat, data_management, documents, sources
2026-09-02 08:18:45.304:   File "C:\Vineeth\Applications\TAAAIDOCASSIST\taaaidocassist_api\app\api\routes\sources.py", line 50, in <module>
2026-09-02 08:18:45.304:     from app.services import googledrive_source, onedrive_source
2026-09-02 08:18:45.304:   File "C:\Vineeth\Applications\TAAAIDOCASSIST\taaaidocassist_api\app\services\googledrive_source.py", line 30, in <module>
2026-09-02 08:18:45.304:     from google.auth.transport.requests import Request as GoogleAuthRequest
2026-09-02 08:18:45.304: ModuleNotFoundError: No module named 'google'
2026-09-02 08:19:04.000: Traceback (most recent call last):
2026-09-02 08:19:04.002:   File "<frozen runpy>", line 203, in _run_module_as_main
2026-09-02 08:19:04.002:   File "<frozen runpy>", line 88, in _run_code
2026-09-02 08:19:04.002:   File "C:\Vineeth\Applications\TAAAIDOCASSIST\venv\Scripts\uvicorn.exe\__main__.py", line 5, in <module>
2026-09-02 08:19:04.002:     sys.exit(main())
2026-09-02 08:19:04.002:              ~~~~^^
2026-09-02 08:19:04.002:   File "C:\Vineeth\AI\Document Processing\DARAI-CHAT\venv\Lib\site-packages\click\core.py", line 1631, in __call__
2026-09-02 08:19:04.002:     return self.main(*args, **kwargs)
2026-09-02 08:19:04.002:            ~~~~~~~~~^^^^^^^^^^^^^^^^^
2026-09-02 08:19:04.002:   File "C:\Vineeth\AI\Document Processing\DARAI-CHAT\venv\Lib\site-packages\click\core.py", line 1552, in main
2026-09-02 08:19:04.002:     rv = self.invoke(ctx)
2026-09-02 08:19:04.002:   File "C:\Vineeth\AI\Document Processing\DARAI-CHAT\venv\Lib\site-packages\click\core.py", line 1415, in invoke
2026-09-02 08:19:04.002:     return ctx.invoke(self.callback, **ctx.params)
2026-09-02 08:19:04.002:            ~~~~~~~~~~^^^^^^^^^^^^^^^^^^^^^^^^^^^^^
2026-09-02 08:19:04.002:   File "C:\Vineeth\AI\Document Processing\DARAI-CHAT\venv\Lib\site-packages\click\core.py", line 910, in invoke
2026-09-02 08:19:04.002:     return callback(*args, **kwargs)
2026-09-02 08:19:04.002:   File "C:\Vineeth\AI\Document Processing\DARAI-CHAT\venv\Lib\site-packages\uvicorn\main.py", line 440, in main
2026-09-02 08:19:04.002:     run(
2026-09-02 08:19:04.002:     ~~~^
2026-09-02 08:19:04.002:         app,
2026-09-02 08:19:04.002:         ^^^^
2026-09-02 08:19:04.002:     ...<48 lines>...
2026-09-02 08:19:04.002:         reset_contextvars=reset_contextvars,
2026-09-02 08:19:04.002:         ^^^^^^^^^^^^^^^^^^^^^^^^^^^^^^^^^^^^
2026-09-02 08:19:04.002:     )
2026-09-02 08:19:04.002:     ^
2026-09-02 08:19:04.002:   File "C:\Vineeth\AI\Document Processing\DARAI-CHAT\venv\Lib\site-packages\uvicorn\main.py", line 609, in run
2026-09-02 08:19:04.002:     config.load_app()
2026-09-02 08:19:04.002:     ~~~~~~~~~~~~~~~^^
2026-09-02 08:19:04.002:   File "C:\Vineeth\AI\Document Processing\DARAI-CHAT\venv\Lib\site-packages\uvicorn\config.py", line 428, in load_app
2026-09-02 08:19:04.002:     return import_from_string(self.app)
2026-09-02 08:19:04.002:   File "C:\Vineeth\AI\Document Processing\DARAI-CHAT\venv\Lib\site-packages\uvicorn\importer.py", line 22, in import_from_string
2026-09-02 08:19:04.002:     raise exc from None
2026-09-02 08:19:04.002:   File "C:\Vineeth\AI\Document Processing\DARAI-CHAT\venv\Lib\site-packages\uvicorn\importer.py", line 19, in import_from_string
2026-09-02 08:19:04.002:     module = importlib.import_module(module_str)
2026-09-02 08:19:04.002:   File "C:\Python314\Lib\importlib\__init__.py", line 88, in import_module
2026-09-02 08:19:04.002:     return _bootstrap._gcd_import(name[level:], package, level)
2026-09-02 08:19:04.002:            ~~~~~~~~~~~~~~~~~~~~~~^^^^^^^^^^^^^^^^^^^^^^^^^^^^^^
2026-09-02 08:19:04.002:   File "<frozen importlib._bootstrap>", line 1406, in _gcd_import
2026-09-02 08:19:04.002:   File "<frozen importlib._bootstrap>", line 1371, in _find_and_load
2026-09-02 08:19:04.002:   File "<frozen importlib._bootstrap>", line 1342, in _find_and_load_unlocked
2026-09-02 08:19:04.002:   File "<frozen importlib._bootstrap>", line 938, in _load_unlocked
2026-09-02 08:19:04.002:   File "<frozen importlib._bootstrap_external>", line 759, in exec_module
2026-09-02 08:19:04.002:   File "<frozen importlib._bootstrap>", line 491, in _call_with_frames_removed
2026-09-02 08:19:04.002:   File "C:\Vineeth\Applications\TAAAIDOCASSIST\taaaidocassist_api\app\main.py", line 4, in <module>
2026-09-02 08:19:04.002:     from app.api.routes import auth, chat, data_management, documents, sources
2026-09-02 08:19:04.002:   File "C:\Vineeth\Applications\TAAAIDOCASSIST\taaaidocassist_api\app\api\routes\sources.py", line 50, in <module>
2026-09-02 08:19:04.002:     from app.services import googledrive_source, onedrive_source
2026-09-02 08:19:04.002:   File "C:\Vineeth\Applications\TAAAIDOCASSIST\taaaidocassist_api\app\services\googledrive_source.py", line 30, in <module>
2026-09-02 08:19:04.002:     from google.auth.transport.requests import Request as GoogleAuthRequest
2026-09-02 08:19:04.002: ModuleNotFoundError: No module named 'google'
2026-09-02 08:19:23.645: Traceback (most recent call last):
2026-09-02 08:19:23.648:   File "<frozen runpy>", line 203, in _run_module_as_main
2026-09-02 08:19:23.648:   File "<frozen runpy>", line 88, in _run_code
2026-09-02 08:19:23.648:   File "C:\Vineeth\Applications\TAAAIDOCASSIST\venv\Scripts\uvicorn.exe\__main__.py", line 5, in <module>
2026-09-02 08:19:23.648:     sys.exit(main())
2026-09-02 08:19:23.648:              ~~~~^^
2026-09-02 08:19:23.648:   File "C:\Vineeth\AI\Document Processing\DARAI-CHAT\venv\Lib\site-packages\click\core.py", line 1631, in __call__
2026-09-02 08:19:23.648:     return self.main(*args, **kwargs)
2026-09-02 08:19:23.648:            ~~~~~~~~~^^^^^^^^^^^^^^^^^
2026-09-02 08:19:23.648:   File "C:\Vineeth\AI\Document Processing\DARAI-CHAT\venv\Lib\site-packages\click\core.py", line 1552, in main
2026-09-02 08:19:23.648:     rv = self.invoke(ctx)
2026-09-02 08:19:23.648:   File "C:\Vineeth\AI\Document Processing\DARAI-CHAT\venv\Lib\site-packages\click\core.py", line 1415, in invoke
2026-09-02 08:19:23.648:     return ctx.invoke(self.callback, **ctx.params)
2026-09-02 08:19:23.648:            ~~~~~~~~~~^^^^^^^^^^^^^^^^^^^^^^^^^^^^^
2026-09-02 08:19:23.648:   File "C:\Vineeth\AI\Document Processing\DARAI-CHAT\venv\Lib\site-packages\click\core.py", line 910, in invoke
2026-09-02 08:19:23.648:     return callback(*args, **kwargs)
2026-09-02 08:19:23.648:   File "C:\Vineeth\AI\Document Processing\DARAI-CHAT\venv\Lib\site-packages\uvicorn\main.py", line 440, in main
2026-09-02 08:19:23.648:     run(
2026-09-02 08:19:23.648:     ~~~^
2026-09-02 08:19:23.648:         app,
2026-09-02 08:19:23.648:         ^^^^
2026-09-02 08:19:23.648:     ...<48 lines>...
2026-09-02 08:19:23.648:         reset_contextvars=reset_contextvars,
2026-09-02 08:19:23.648:         ^^^^^^^^^^^^^^^^^^^^^^^^^^^^^^^^^^^^
2026-09-02 08:19:23.648:     )
2026-09-02 08:19:23.648:     ^
2026-09-02 08:19:23.648:   File "C:\Vineeth\AI\Document Processing\DARAI-CHAT\venv\Lib\site-packages\uvicorn\main.py", line 609, in run
2026-09-02 08:19:23.648:     config.load_app()
2026-09-02 08:19:23.648:     ~~~~~~~~~~~~~~~^^
2026-09-02 08:19:23.648:   File "C:\Vineeth\AI\Document Processing\DARAI-CHAT\venv\Lib\site-packages\uvicorn\config.py", line 428, in load_app
2026-09-02 08:19:23.648:     return import_from_string(self.app)
2026-09-02 08:19:23.648:   File "C:\Vineeth\AI\Document Processing\DARAI-CHAT\venv\Lib\site-packages\uvicorn\importer.py", line 22, in import_from_string
2026-09-02 08:19:23.648:     raise exc from None
2026-09-02 08:19:23.648:   File "C:\Vineeth\AI\Document Processing\DARAI-CHAT\venv\Lib\site-packages\uvicorn\importer.py", line 19, in import_from_string
2026-09-02 08:19:23.648:     module = importlib.import_module(module_str)
2026-09-02 08:19:23.648:   File "C:\Python314\Lib\importlib\__init__.py", line 88, in import_module
2026-09-02 08:19:23.648:     return _bootstrap._gcd_import(name[level:], package, level)
2026-09-02 08:19:23.648:            ~~~~~~~~~~~~~~~~~~~~~~^^^^^^^^^^^^^^^^^^^^^^^^^^^^^^
2026-09-02 08:19:23.648:   File "<frozen importlib._bootstrap>", line 1406, in _gcd_import
2026-09-02 08:19:23.648:   File "<frozen importlib._bootstrap>", line 1371, in _find_and_load
2026-09-02 08:19:23.648:   File "<frozen importlib._bootstrap>", line 1342, in _find_and_load_unlocked
2026-09-02 08:19:23.648:   File "<frozen importlib._bootstrap>", line 938, in _load_unlocked
2026-09-02 08:19:23.648:   File "<frozen importlib._bootstrap_external>", line 759, in exec_module
2026-09-02 08:19:23.648:   File "<frozen importlib._bootstrap>", line 491, in _call_with_frames_removed
2026-09-02 08:19:23.648:   File "C:\Vineeth\Applications\TAAAIDOCASSIST\taaaidocassist_api\app\main.py", line 4, in <module>
2026-09-02 08:19:23.648:     from app.api.routes import auth, chat, data_management, documents, sources
2026-09-02 08:19:23.648:   File "C:\Vineeth\Applications\TAAAIDOCASSIST\taaaidocassist_api\app\api\routes\sources.py", line 50, in <module>
2026-09-02 08:19:23.648:     from app.services import googledrive_source, onedrive_source
2026-09-02 08:19:23.648:   File "C:\Vineeth\Applications\TAAAIDOCASSIST\taaaidocassist_api\app\services\googledrive_source.py", line 30, in <module>
2026-09-02 08:19:23.648:     from google.auth.transport.requests import Request as GoogleAuthRequest
2026-09-02 08:19:23.648: ModuleNotFoundError: No module named 'google'
2026-09-02 08:19:43.243: Traceback (most recent call last):
2026-09-02 08:19:43.245:   File "<frozen runpy>", line 203, in _run_module_as_main
2026-09-02 08:19:43.245:   File "<frozen runpy>", line 88, in _run_code
2026-09-02 08:19:43.245:   File "C:\Vineeth\Applications\TAAAIDOCASSIST\venv\Scripts\uvicorn.exe\__main__.py", line 5, in <module>
2026-09-02 08:19:43.245:     sys.exit(main())
2026-09-02 08:19:43.245:              ~~~~^^
2026-09-02 08:19:43.245:   File "C:\Vineeth\AI\Document Processing\DARAI-CHAT\venv\Lib\site-packages\click\core.py", line 1631, in __call__
2026-09-02 08:19:43.245:     return self.main(*args, **kwargs)
2026-09-02 08:19:43.245:            ~~~~~~~~~^^^^^^^^^^^^^^^^^
2026-09-02 08:19:43.245:   File "C:\Vineeth\AI\Document Processing\DARAI-CHAT\venv\Lib\site-packages\click\core.py", line 1552, in main
2026-09-02 08:19:43.245:     rv = self.invoke(ctx)
2026-09-02 08:19:43.245:   File "C:\Vineeth\AI\Document Processing\DARAI-CHAT\venv\Lib\site-packages\click\core.py", line 1415, in invoke
2026-09-02 08:19:43.245:     return ctx.invoke(self.callback, **ctx.params)
2026-09-02 08:19:43.245:            ~~~~~~~~~~^^^^^^^^^^^^^^^^^^^^^^^^^^^^^
2026-09-02 08:19:43.245:   File "C:\Vineeth\AI\Document Processing\DARAI-CHAT\venv\Lib\site-packages\click\core.py", line 910, in invoke
2026-09-02 08:19:43.245:     return callback(*args, **kwargs)
2026-09-02 08:19:43.245:   File "C:\Vineeth\AI\Document Processing\DARAI-CHAT\venv\Lib\site-packages\uvicorn\main.py", line 440, in main
2026-09-02 08:19:43.245:     run(
2026-09-02 08:19:43.245:     ~~~^
2026-09-02 08:19:43.245:         app,
2026-09-02 08:19:43.245:         ^^^^
2026-09-02 08:19:43.245:     ...<48 lines>...
2026-09-02 08:19:43.245:         reset_contextvars=reset_contextvars,
2026-09-02 08:19:43.245:         ^^^^^^^^^^^^^^^^^^^^^^^^^^^^^^^^^^^^
2026-09-02 08:19:43.245:     )
2026-09-02 08:19:43.245:     ^
2026-09-02 08:19:43.245:   File "C:\Vineeth\AI\Document Processing\DARAI-CHAT\venv\Lib\site-packages\uvicorn\main.py", line 609, in run
2026-09-02 08:19:43.245:     config.load_app()
2026-09-02 08:19:43.245:     ~~~~~~~~~~~~~~~^^
2026-09-02 08:19:43.245:   File "C:\Vineeth\AI\Document Processing\DARAI-CHAT\venv\Lib\site-packages\uvicorn\config.py", line 428, in load_app
2026-09-02 08:19:43.245:     return import_from_string(self.app)
2026-09-02 08:19:43.245:   File "C:\Vineeth\AI\Document Processing\DARAI-CHAT\venv\Lib\site-packages\uvicorn\importer.py", line 22, in import_from_string
2026-09-02 08:19:43.245:     raise exc from None
2026-09-02 08:19:43.245:   File "C:\Vineeth\AI\Document Processing\DARAI-CHAT\venv\Lib\site-packages\uvicorn\importer.py", line 19, in import_from_string
2026-09-02 08:19:43.245:     module = importlib.import_module(module_str)
2026-09-02 08:19:43.245:   File "C:\Python314\Lib\importlib\__init__.py", line 88, in import_module
2026-09-02 08:19:43.245:     return _bootstrap._gcd_import(name[level:], package, level)
2026-09-02 08:19:43.245:            ~~~~~~~~~~~~~~~~~~~~~~^^^^^^^^^^^^^^^^^^^^^^^^^^^^^^
2026-09-02 08:19:43.245:   File "<frozen importlib._bootstrap>", line 1406, in _gcd_import
2026-09-02 08:19:43.245:   File "<frozen importlib._bootstrap>", line 1371, in _find_and_load
2026-09-02 08:19:43.245:   File "<frozen importlib._bootstrap>", line 1342, in _find_and_load_unlocked
2026-09-02 08:19:43.245:   File "<frozen importlib._bootstrap>", line 938, in _load_unlocked
2026-09-02 08:19:43.245:   File "<frozen importlib._bootstrap_external>", line 759, in exec_module
2026-09-02 08:19:43.245:   File "<frozen importlib._bootstrap>", line 491, in _call_with_frames_removed
2026-09-02 08:19:43.245:   File "C:\Vineeth\Applications\TAAAIDOCASSIST\taaaidocassist_api\app\main.py", line 4, in <module>
2026-09-02 08:19:43.245:     from app.api.routes import auth, chat, data_management, documents, sources
2026-09-02 08:19:43.245:   File "C:\Vineeth\Applications\TAAAIDOCASSIST\taaaidocassist_api\app\api\routes\sources.py", line 50, in <module>
2026-09-02 08:19:43.245:     from app.services import googledrive_source, onedrive_source
2026-09-02 08:19:43.245:   File "C:\Vineeth\Applications\TAAAIDOCASSIST\taaaidocassist_api\app\services\googledrive_source.py", line 30, in <module>
2026-09-02 08:19:43.245:     from google.auth.transport.requests import Request as GoogleAuthRequest
2026-09-02 08:19:43.245: ModuleNotFoundError: No module named 'google'
2026-09-02 08:20:02.628: Traceback (most recent call last):
2026-09-02 08:20:02.630:   File "<frozen runpy>", line 203, in _run_module_as_main
2026-09-02 08:20:02.630:   File "<frozen runpy>", line 88, in _run_code
2026-09-02 08:20:02.630:   File "C:\Vineeth\Applications\TAAAIDOCASSIST\venv\Scripts\uvicorn.exe\__main__.py", line 5, in <module>
2026-09-02 08:20:02.630:     sys.exit(main())
2026-09-02 08:20:02.630:              ~~~~^^
2026-09-02 08:20:02.630:   File "C:\Vineeth\AI\Document Processing\DARAI-CHAT\venv\Lib\site-packages\click\core.py", line 1631, in __call__
2026-09-02 08:20:02.630:     return self.main(*args, **kwargs)
2026-09-02 08:20:02.630:            ~~~~~~~~~^^^^^^^^^^^^^^^^^
2026-09-02 08:20:02.630:   File "C:\Vineeth\AI\Document Processing\DARAI-CHAT\venv\Lib\site-packages\click\core.py", line 1552, in main
2026-09-02 08:20:02.630:     rv = self.invoke(ctx)
2026-09-02 08:20:02.630:   File "C:\Vineeth\AI\Document Processing\DARAI-CHAT\venv\Lib\site-packages\click\core.py", line 1415, in invoke
2026-09-02 08:20:02.630:     return ctx.invoke(self.callback, **ctx.params)
2026-09-02 08:20:02.630:            ~~~~~~~~~~^^^^^^^^^^^^^^^^^^^^^^^^^^^^^
2026-09-02 08:20:02.630:   File "C:\Vineeth\AI\Document Processing\DARAI-CHAT\venv\Lib\site-packages\click\core.py", line 910, in invoke
2026-09-02 08:20:02.630:     return callback(*args, **kwargs)
2026-09-02 08:20:02.630:   File "C:\Vineeth\AI\Document Processing\DARAI-CHAT\venv\Lib\site-packages\uvicorn\main.py", line 440, in main
2026-09-02 08:20:02.630:     run(
2026-09-02 08:20:02.630:     ~~~^
2026-09-02 08:20:02.630:         app,
2026-09-02 08:20:02.630:         ^^^^
2026-09-02 08:20:02.630:     ...<48 lines>...
2026-09-02 08:20:02.630:         reset_contextvars=reset_contextvars,
2026-09-02 08:20:02.630:         ^^^^^^^^^^^^^^^^^^^^^^^^^^^^^^^^^^^^
2026-09-02 08:20:02.630:     )
2026-09-02 08:20:02.630:     ^
2026-09-02 08:20:02.630:   File "C:\Vineeth\AI\Document Processing\DARAI-CHAT\venv\Lib\site-packages\uvicorn\main.py", line 609, in run
2026-09-02 08:20:02.630:     config.load_app()
2026-09-02 08:20:02.630:     ~~~~~~~~~~~~~~~^^
2026-09-02 08:20:02.630:   File "C:\Vineeth\AI\Document Processing\DARAI-CHAT\venv\Lib\site-packages\uvicorn\config.py", line 428, in load_app
2026-09-02 08:20:02.630:     return import_from_string(self.app)
2026-09-02 08:20:02.630:   File "C:\Vineeth\AI\Document Processing\DARAI-CHAT\venv\Lib\site-packages\uvicorn\importer.py", line 22, in import_from_string
2026-09-02 08:20:02.630:     raise exc from None
2026-09-02 08:20:02.630:   File "C:\Vineeth\AI\Document Processing\DARAI-CHAT\venv\Lib\site-packages\uvicorn\importer.py", line 19, in import_from_string
2026-09-02 08:20:02.630:     module = importlib.import_module(module_str)
2026-09-02 08:20:02.630:   File "C:\Python314\Lib\importlib\__init__.py", line 88, in import_module
2026-09-02 08:20:02.630:     return _bootstrap._gcd_import(name[level:], package, level)
2026-09-02 08:20:02.630:            ~~~~~~~~~~~~~~~~~~~~~~^^^^^^^^^^^^^^^^^^^^^^^^^^^^^^
2026-09-02 08:20:02.630:   File "<frozen importlib._bootstrap>", line 1406, in _gcd_import
2026-09-02 08:20:02.630:   File "<frozen importlib._bootstrap>", line 1371, in _find_and_load
2026-09-02 08:20:02.630:   File "<frozen importlib._bootstrap>", line 1342, in _find_and_load_unlocked
2026-09-02 08:20:02.630:   File "<frozen importlib._bootstrap>", line 938, in _load_unlocked
2026-09-02 08:20:02.630:   File "<frozen importlib._bootstrap_external>", line 759, in exec_module
2026-09-02 08:20:02.630:   File "<frozen importlib._bootstrap>", line 491, in _call_with_frames_removed
2026-09-02 08:20:02.630:   File "C:\Vineeth\Applications\TAAAIDOCASSIST\taaaidocassist_api\app\main.py", line 4, in <module>
2026-09-02 08:20:02.630:     from app.api.routes import auth, chat, data_management, documents, sources
2026-09-02 08:20:02.630:   File "C:\Vineeth\Applications\TAAAIDOCASSIST\taaaidocassist_api\app\api\routes\sources.py", line 50, in <module>
2026-09-02 08:20:02.630:     from app.services import googledrive_source, onedrive_source
2026-09-02 08:20:02.630:   File "C:\Vineeth\Applications\TAAAIDOCASSIST\taaaidocassist_api\app\services\googledrive_source.py", line 30, in <module>
2026-09-02 08:20:02.630:     from google.auth.transport.requests import Request as GoogleAuthRequest
2026-09-02 08:20:02.630: ModuleNotFoundError: No module named 'google'
2026-09-02 08:20:21.995: Traceback (most recent call last):
2026-09-02 08:20:21.997:   File "<frozen runpy>", line 203, in _run_module_as_main
2026-09-02 08:20:21.997:   File "<frozen runpy>", line 88, in _run_code
2026-09-02 08:20:21.997:   File "C:\Vineeth\Applications\TAAAIDOCASSIST\venv\Scripts\uvicorn.exe\__main__.py", line 5, in <module>
2026-09-02 08:20:21.997:     sys.exit(main())
2026-09-02 08:20:21.997:              ~~~~^^
2026-09-02 08:20:21.997:   File "C:\Vineeth\AI\Document Processing\DARAI-CHAT\venv\Lib\site-packages\click\core.py", line 1631, in __call__
2026-09-02 08:20:21.997:     return self.main(*args, **kwargs)
2026-09-02 08:20:21.997:            ~~~~~~~~~^^^^^^^^^^^^^^^^^
2026-09-02 08:20:21.997:   File "C:\Vineeth\AI\Document Processing\DARAI-CHAT\venv\Lib\site-packages\click\core.py", line 1552, in main
2026-09-02 08:20:21.997:     rv = self.invoke(ctx)
2026-09-02 08:20:21.997:   File "C:\Vineeth\AI\Document Processing\DARAI-CHAT\venv\Lib\site-packages\click\core.py", line 1415, in invoke
2026-09-02 08:20:21.997:     return ctx.invoke(self.callback, **ctx.params)
2026-09-02 08:20:21.997:            ~~~~~~~~~~^^^^^^^^^^^^^^^^^^^^^^^^^^^^^
2026-09-02 08:20:21.997:   File "C:\Vineeth\AI\Document Processing\DARAI-CHAT\venv\Lib\site-packages\click\core.py", line 910, in invoke
2026-09-02 08:20:21.997:     return callback(*args, **kwargs)
2026-09-02 08:20:21.997:   File "C:\Vineeth\AI\Document Processing\DARAI-CHAT\venv\Lib\site-packages\uvicorn\main.py", line 440, in main
2026-09-02 08:20:21.997:     run(
2026-09-02 08:20:21.997:     ~~~^
2026-09-02 08:20:21.997:         app,
2026-09-02 08:20:21.997:         ^^^^
2026-09-02 08:20:21.997:     ...<48 lines>...
2026-09-02 08:20:21.997:         reset_contextvars=reset_contextvars,
2026-09-02 08:20:21.997:         ^^^^^^^^^^^^^^^^^^^^^^^^^^^^^^^^^^^^
2026-09-02 08:20:21.997:     )
2026-09-02 08:20:21.997:     ^
2026-09-02 08:20:21.997:   File "C:\Vineeth\AI\Document Processing\DARAI-CHAT\venv\Lib\site-packages\uvicorn\main.py", line 609, in run
2026-09-02 08:20:21.997:     config.load_app()
2026-09-02 08:20:21.997:     ~~~~~~~~~~~~~~~^^
2026-09-02 08:20:21.997:   File "C:\Vineeth\AI\Document Processing\DARAI-CHAT\venv\Lib\site-packages\uvicorn\config.py", line 428, in load_app
2026-09-02 08:20:21.997:     return import_from_string(self.app)
2026-09-02 08:20:21.997:   File "C:\Vineeth\AI\Document Processing\DARAI-CHAT\venv\Lib\site-packages\uvicorn\importer.py", line 22, in import_from_string
2026-09-02 08:20:21.997:     raise exc from None
2026-09-02 08:20:21.997:   File "C:\Vineeth\AI\Document Processing\DARAI-CHAT\venv\Lib\site-packages\uvicorn\importer.py", line 19, in import_from_string
2026-09-02 08:20:21.997:     module = importlib.import_module(module_str)
2026-09-02 08:20:21.997:   File "C:\Python314\Lib\importlib\__init__.py", line 88, in import_module
2026-09-02 08:20:21.997:     return _bootstrap._gcd_import(name[level:], package, level)
2026-09-02 08:20:21.997:            ~~~~~~~~~~~~~~~~~~~~~~^^^^^^^^^^^^^^^^^^^^^^^^^^^^^^
2026-09-02 08:20:21.997:   File "<frozen importlib._bootstrap>", line 1406, in _gcd_import
2026-09-02 08:20:21.997:   File "<frozen importlib._bootstrap>", line 1371, in _find_and_load
2026-09-02 08:20:21.997:   File "<frozen importlib._bootstrap>", line 1342, in _find_and_load_unlocked
2026-09-02 08:20:21.997:   File "<frozen importlib._bootstrap>", line 938, in _load_unlocked
2026-09-02 08:20:21.997:   File "<frozen importlib._bootstrap_external>", line 759, in exec_module
2026-09-02 08:20:21.997:   File "<frozen importlib._bootstrap>", line 491, in _call_with_frames_removed
2026-09-02 08:20:21.997:   File "C:\Vineeth\Applications\TAAAIDOCASSIST\taaaidocassist_api\app\main.py", line 4, in <module>
2026-09-02 08:20:21.997:     from app.api.routes import auth, chat, data_management, documents, sources
2026-09-02 08:20:21.997:   File "C:\Vineeth\Applications\TAAAIDOCASSIST\taaaidocassist_api\app\api\routes\sources.py", line 50, in <module>
2026-09-02 08:20:21.997:     from app.services import googledrive_source, onedrive_source
2026-09-02 08:20:21.997:   File "C:\Vineeth\Applications\TAAAIDOCASSIST\taaaidocassist_api\app\services\googledrive_source.py", line 30, in <module>
2026-09-02 08:20:21.997:     from google.auth.transport.requests import Request as GoogleAuthRequest
2026-09-02 08:20:21.997: ModuleNotFoundError: No module named 'google'
2026-09-02 08:20:44.171: Traceback (most recent call last):
2026-09-02 08:20:44.173:   File "<frozen runpy>", line 203, in _run_module_as_main
2026-09-02 08:20:44.173:   File "<frozen runpy>", line 88, in _run_code
2026-09-02 08:20:44.173:   File "C:\Vineeth\Applications\TAAAIDOCASSIST\venv\Scripts\uvicorn.exe\__main__.py", line 5, in <module>
2026-09-02 08:20:44.173:     sys.exit(main())
2026-09-02 08:20:44.173:              ~~~~^^
2026-09-02 08:20:44.173:   File "C:\Vineeth\AI\Document Processing\DARAI-CHAT\venv\Lib\site-packages\click\core.py", line 1631, in __call__
2026-09-02 08:20:44.173:     return self.main(*args, **kwargs)
2026-09-02 08:20:44.173:            ~~~~~~~~~^^^^^^^^^^^^^^^^^
2026-09-02 08:20:44.173:   File "C:\Vineeth\AI\Document Processing\DARAI-CHAT\venv\Lib\site-packages\click\core.py", line 1552, in main
2026-09-02 08:20:44.173:     rv = self.invoke(ctx)
2026-09-02 08:20:44.173:   File "C:\Vineeth\AI\Document Processing\DARAI-CHAT\venv\Lib\site-packages\click\core.py", line 1415, in invoke
2026-09-02 08:20:44.173:     return ctx.invoke(self.callback, **ctx.params)
2026-09-02 08:20:44.173:            ~~~~~~~~~~^^^^^^^^^^^^^^^^^^^^^^^^^^^^^
2026-09-02 08:20:44.173:   File "C:\Vineeth\AI\Document Processing\DARAI-CHAT\venv\Lib\site-packages\click\core.py", line 910, in invoke
2026-09-02 08:20:44.173:     return callback(*args, **kwargs)
2026-09-02 08:20:44.173:   File "C:\Vineeth\AI\Document Processing\DARAI-CHAT\venv\Lib\site-packages\uvicorn\main.py", line 440, in main
2026-09-02 08:20:44.173:     run(
2026-09-02 08:20:44.173:     ~~~^
2026-09-02 08:20:44.173:         app,
2026-09-02 08:20:44.173:         ^^^^
2026-09-02 08:20:44.173:     ...<48 lines>...
2026-09-02 08:20:44.173:         reset_contextvars=reset_contextvars,
2026-09-02 08:20:44.173:         ^^^^^^^^^^^^^^^^^^^^^^^^^^^^^^^^^^^^
2026-09-02 08:20:44.173:     )
2026-09-02 08:20:44.173:     ^
2026-09-02 08:20:44.174:   File "C:\Vineeth\AI\Document Processing\DARAI-CHAT\venv\Lib\site-packages\uvicorn\main.py", line 609, in run
2026-09-02 08:20:44.174:     config.load_app()
2026-09-02 08:20:44.174:     ~~~~~~~~~~~~~~~^^
2026-09-02 08:20:44.174:   File "C:\Vineeth\AI\Document Processing\DARAI-CHAT\venv\Lib\site-packages\uvicorn\config.py", line 428, in load_app
2026-09-02 08:20:44.174:     return import_from_string(self.app)
2026-09-02 08:20:44.174:   File "C:\Vineeth\AI\Document Processing\DARAI-CHAT\venv\Lib\site-packages\uvicorn\importer.py", line 22, in import_from_string
2026-09-02 08:20:44.174:     raise exc from None
2026-09-02 08:20:44.174:   File "C:\Vineeth\AI\Document Processing\DARAI-CHAT\venv\Lib\site-packages\uvicorn\importer.py", line 19, in import_from_string
2026-09-02 08:20:44.174:     module = importlib.import_module(module_str)
2026-09-02 08:20:44.174:   File "C:\Python314\Lib\importlib\__init__.py", line 88, in import_module
2026-09-02 08:20:44.174:     return _bootstrap._gcd_import(name[level:], package, level)
2026-09-02 08:20:44.174:            ~~~~~~~~~~~~~~~~~~~~~~^^^^^^^^^^^^^^^^^^^^^^^^^^^^^^
2026-09-02 08:20:44.174:   File "<frozen importlib._bootstrap>", line 1406, in _gcd_import
2026-09-02 08:20:44.174:   File "<frozen importlib._bootstrap>", line 1371, in _find_and_load
2026-09-02 08:20:44.174:   File "<frozen importlib._bootstrap>", line 1342, in _find_and_load_unlocked
2026-09-02 08:20:44.174:   File "<frozen importlib._bootstrap>", line 938, in _load_unlocked
2026-09-02 08:20:44.174:   File "<frozen importlib._bootstrap_external>", line 759, in exec_module
2026-09-02 08:20:44.174:   File "<frozen importlib._bootstrap>", line 491, in _call_with_frames_removed
2026-09-02 08:20:44.174:   File "C:\Vineeth\Applications\TAAAIDOCASSIST\taaaidocassist_api\app\main.py", line 4, in <module>
2026-09-02 08:20:44.174:     from app.api.routes import auth, chat, data_management, documents, sources
2026-09-02 08:20:44.174:   File "C:\Vineeth\Applications\TAAAIDOCASSIST\taaaidocassist_api\app\api\routes\sources.py", line 50, in <module>
2026-09-02 08:20:44.174:     from app.services import googledrive_source, onedrive_source
2026-09-02 08:20:44.174:   File "C:\Vineeth\Applications\TAAAIDOCASSIST\taaaidocassist_api\app\services\googledrive_source.py", line 30, in <module>
2026-09-02 08:20:44.174:     from google.auth.transport.requests import Request as GoogleAuthRequest
2026-09-02 08:20:44.174: ModuleNotFoundError: No module named 'google'
2026-09-02 08:21:03.560: Traceback (most recent call last):
2026-09-02 08:21:03.562:   File "<frozen runpy>", line 203, in _run_module_as_main
2026-09-02 08:21:03.562:   File "<frozen runpy>", line 88, in _run_code
2026-09-02 08:21:03.562:   File "C:\Vineeth\Applications\TAAAIDOCASSIST\venv\Scripts\uvicorn.exe\__main__.py", line 5, in <module>
2026-09-02 08:21:03.562:     sys.exit(main())
2026-09-02 08:21:03.562:              ~~~~^^
2026-09-02 08:21:03.562:   File "C:\Vineeth\AI\Document Processing\DARAI-CHAT\venv\Lib\site-packages\click\core.py", line 1631, in __call__
2026-09-02 08:21:03.562:     return self.main(*args, **kwargs)
2026-09-02 08:21:03.562:            ~~~~~~~~~^^^^^^^^^^^^^^^^^
2026-09-02 08:21:03.562:   File "C:\Vineeth\AI\Document Processing\DARAI-CHAT\venv\Lib\site-packages\click\core.py", line 1552, in main
2026-09-02 08:21:03.562:     rv = self.invoke(ctx)
2026-09-02 08:21:03.562:   File "C:\Vineeth\AI\Document Processing\DARAI-CHAT\venv\Lib\site-packages\click\core.py", line 1415, in invoke
2026-09-02 08:21:03.562:     return ctx.invoke(self.callback, **ctx.params)
2026-09-02 08:21:03.562:            ~~~~~~~~~~^^^^^^^^^^^^^^^^^^^^^^^^^^^^^
2026-09-02 08:21:03.562:   File "C:\Vineeth\AI\Document Processing\DARAI-CHAT\venv\Lib\site-packages\click\core.py", line 910, in invoke
2026-09-02 08:21:03.562:     return callback(*args, **kwargs)
2026-09-02 08:21:03.562:   File "C:\Vineeth\AI\Document Processing\DARAI-CHAT\venv\Lib\site-packages\uvicorn\main.py", line 440, in main
2026-09-02 08:21:03.562:     run(
2026-09-02 08:21:03.562:     ~~~^
2026-09-02 08:21:03.562:         app,
2026-09-02 08:21:03.562:         ^^^^
2026-09-02 08:21:03.562:     ...<48 lines>...
2026-09-02 08:21:03.562:         reset_contextvars=reset_contextvars,
2026-09-02 08:21:03.562:         ^^^^^^^^^^^^^^^^^^^^^^^^^^^^^^^^^^^^
2026-09-02 08:21:03.562:     )
2026-09-02 08:21:03.562:     ^
2026-09-02 08:21:03.562:   File "C:\Vineeth\AI\Document Processing\DARAI-CHAT\venv\Lib\site-packages\uvicorn\main.py", line 609, in run
2026-09-02 08:21:03.562:     config.load_app()
2026-09-02 08:21:03.562:     ~~~~~~~~~~~~~~~^^
2026-09-02 08:21:03.562:   File "C:\Vineeth\AI\Document Processing\DARAI-CHAT\venv\Lib\site-packages\uvicorn\config.py", line 428, in load_app
2026-09-02 08:21:03.562:     return import_from_string(self.app)
2026-09-02 08:21:03.562:   File "C:\Vineeth\AI\Document Processing\DARAI-CHAT\venv\Lib\site-packages\uvicorn\importer.py", line 22, in import_from_string
2026-09-02 08:21:03.562:     raise exc from None
2026-09-02 08:21:03.562:   File "C:\Vineeth\AI\Document Processing\DARAI-CHAT\venv\Lib\site-packages\uvicorn\importer.py", line 19, in import_from_string
2026-09-02 08:21:03.562:     module = importlib.import_module(module_str)
2026-09-02 08:21:03.562:   File "C:\Python314\Lib\importlib\__init__.py", line 88, in import_module
2026-09-02 08:21:03.562:     return _bootstrap._gcd_import(name[level:], package, level)
2026-09-02 08:21:03.562:            ~~~~~~~~~~~~~~~~~~~~~~^^^^^^^^^^^^^^^^^^^^^^^^^^^^^^
2026-09-02 08:21:03.562:   File "<frozen importlib._bootstrap>", line 1406, in _gcd_import
2026-09-02 08:21:03.562:   File "<frozen importlib._bootstrap>", line 1371, in _find_and_load
2026-09-02 08:21:03.562:   File "<frozen importlib._bootstrap>", line 1342, in _find_and_load_unlocked
2026-09-02 08:21:03.562:   File "<frozen importlib._bootstrap>", line 938, in _load_unlocked
2026-09-02 08:21:03.562:   File "<frozen importlib._bootstrap_external>", line 759, in exec_module
2026-09-02 08:21:03.562:   File "<frozen importlib._bootstrap>", line 491, in _call_with_frames_removed
2026-09-02 08:21:03.562:   File "C:\Vineeth\Applications\TAAAIDOCASSIST\taaaidocassist_api\app\main.py", line 4, in <module>
2026-09-02 08:21:03.562:     from app.api.routes import auth, chat, data_management, documents, sources
2026-09-02 08:21:03.562:   File "C:\Vineeth\Applications\TAAAIDOCASSIST\taaaidocassist_api\app\api\routes\sources.py", line 50, in <module>
2026-09-02 08:21:03.562:     from app.services import googledrive_source, onedrive_source
2026-09-02 08:21:03.562:   File "C:\Vineeth\Applications\TAAAIDOCASSIST\taaaidocassist_api\app\services\googledrive_source.py", line 30, in <module>
2026-09-02 08:21:03.562:     from google.auth.transport.requests import Request as GoogleAuthRequest
2026-09-02 08:21:03.562: ModuleNotFoundError: No module named 'google'
2026-09-02 08:21:23.044: Traceback (most recent call last):
2026-09-02 08:21:23.045:   File "<frozen runpy>", line 203, in _run_module_as_main
2026-09-02 08:21:23.045:   File "<frozen runpy>", line 88, in _run_code
2026-09-02 08:21:23.045:   File "C:\Vineeth\Applications\TAAAIDOCASSIST\venv\Scripts\uvicorn.exe\__main__.py", line 5, in <module>
2026-09-02 08:21:23.045:     sys.exit(main())
2026-09-02 08:21:23.045:              ~~~~^^
2026-09-02 08:21:23.045:   File "C:\Vineeth\AI\Document Processing\DARAI-CHAT\venv\Lib\site-packages\click\core.py", line 1631, in __call__
2026-09-02 08:21:23.045:     return self.main(*args, **kwargs)
2026-09-02 08:21:23.045:            ~~~~~~~~~^^^^^^^^^^^^^^^^^
2026-09-02 08:21:23.045:   File "C:\Vineeth\AI\Document Processing\DARAI-CHAT\venv\Lib\site-packages\click\core.py", line 1552, in main
2026-09-02 08:21:23.045:     rv = self.invoke(ctx)
2026-09-02 08:21:23.045:   File "C:\Vineeth\AI\Document Processing\DARAI-CHAT\venv\Lib\site-packages\click\core.py", line 1415, in invoke
2026-09-02 08:21:23.045:     return ctx.invoke(self.callback, **ctx.params)
2026-09-02 08:21:23.045:            ~~~~~~~~~~^^^^^^^^^^^^^^^^^^^^^^^^^^^^^
2026-09-02 08:21:23.045:   File "C:\Vineeth\AI\Document Processing\DARAI-CHAT\venv\Lib\site-packages\click\core.py", line 910, in invoke
2026-09-02 08:21:23.045:     return callback(*args, **kwargs)
2026-09-02 08:21:23.045:   File "C:\Vineeth\AI\Document Processing\DARAI-CHAT\venv\Lib\site-packages\uvicorn\main.py", line 440, in main
2026-09-02 08:21:23.045:     run(
2026-09-02 08:21:23.045:     ~~~^
2026-09-02 08:21:23.045:         app,
2026-09-02 08:21:23.045:         ^^^^
2026-09-02 08:21:23.045:     ...<48 lines>...
2026-09-02 08:21:23.045:         reset_contextvars=reset_contextvars,
2026-09-02 08:21:23.045:         ^^^^^^^^^^^^^^^^^^^^^^^^^^^^^^^^^^^^
2026-09-02 08:21:23.045:     )
2026-09-02 08:21:23.045:     ^
2026-09-02 08:21:23.045:   File "C:\Vineeth\AI\Document Processing\DARAI-CHAT\venv\Lib\site-packages\uvicorn\main.py", line 609, in run
2026-09-02 08:21:23.045:     config.load_app()
2026-09-02 08:21:23.045:     ~~~~~~~~~~~~~~~^^
2026-09-02 08:21:23.045:   File "C:\Vineeth\AI\Document Processing\DARAI-CHAT\venv\Lib\site-packages\uvicorn\config.py", line 428, in load_app
2026-09-02 08:21:23.045:     return import_from_string(self.app)
2026-09-02 08:21:23.045:   File "C:\Vineeth\AI\Document Processing\DARAI-CHAT\venv\Lib\site-packages\uvicorn\importer.py", line 22, in import_from_string
2026-09-02 08:21:23.045:     raise exc from None
2026-09-02 08:21:23.046:   File "C:\Vineeth\AI\Document Processing\DARAI-CHAT\venv\Lib\site-packages\uvicorn\importer.py", line 19, in import_from_string
2026-09-02 08:21:23.046:     module = importlib.import_module(module_str)
2026-09-02 08:21:23.046:   File "C:\Python314\Lib\importlib\__init__.py", line 88, in import_module
2026-09-02 08:21:23.046:     return _bootstrap._gcd_import(name[level:], package, level)
2026-09-02 08:21:23.046:            ~~~~~~~~~~~~~~~~~~~~~~^^^^^^^^^^^^^^^^^^^^^^^^^^^^^^
2026-09-02 08:21:23.046:   File "<frozen importlib._bootstrap>", line 1406, in _gcd_import
2026-09-02 08:21:23.046:   File "<frozen importlib._bootstrap>", line 1371, in _find_and_load
2026-09-02 08:21:23.046:   File "<frozen importlib._bootstrap>", line 1342, in _find_and_load_unlocked
2026-09-02 08:21:23.046:   File "<frozen importlib._bootstrap>", line 938, in _load_unlocked
2026-09-02 08:21:23.046:   File "<frozen importlib._bootstrap_external>", line 759, in exec_module
2026-09-02 08:21:23.046:   File "<frozen importlib._bootstrap>", line 491, in _call_with_frames_removed
2026-09-02 08:21:23.046:   File "C:\Vineeth\Applications\TAAAIDOCASSIST\taaaidocassist_api\app\main.py", line 4, in <module>
2026-09-02 08:21:23.046:     from app.api.routes import auth, chat, data_management, documents, sources
2026-09-02 08:21:23.046:   File "C:\Vineeth\Applications\TAAAIDOCASSIST\taaaidocassist_api\app\api\routes\sources.py", line 50, in <module>
2026-09-02 08:21:23.046:     from app.services import googledrive_source, onedrive_source
2026-09-02 08:21:23.046:   File "C:\Vineeth\Applications\TAAAIDOCASSIST\taaaidocassist_api\app\services\googledrive_source.py", line 30, in <module>
2026-09-02 08:21:23.046:     from google.auth.transport.requests import Request as GoogleAuthRequest
2026-09-02 08:21:23.046: ModuleNotFoundError: No module named 'google'
2026-09-02 08:25:07.193: Traceback (most recent call last):
2026-09-02 08:25:07.194:   File "<frozen runpy>", line 203, in _run_module_as_main
2026-09-02 08:25:07.194:   File "<frozen runpy>", line 88, in _run_code
2026-09-02 08:25:07.194:   File "C:\Vineeth\Applications\TAAAIDOCASSIST\venv\Scripts\uvicorn.exe\__main__.py", line 5, in <module>
2026-09-02 08:25:07.194:     sys.exit(main())
2026-09-02 08:25:07.194:              ~~~~^^
2026-09-02 08:25:07.194:   File "C:\Vineeth\AI\Document Processing\DARAI-CHAT\venv\Lib\site-packages\click\core.py", line 1631, in __call__
2026-09-02 08:25:07.194:     return self.main(*args, **kwargs)
2026-09-02 08:25:07.194:            ~~~~~~~~~^^^^^^^^^^^^^^^^^
2026-09-02 08:25:07.194:   File "C:\Vineeth\AI\Document Processing\DARAI-CHAT\venv\Lib\site-packages\click\core.py", line 1552, in main
2026-09-02 08:25:07.194:     rv = self.invoke(ctx)
2026-09-02 08:25:07.194:   File "C:\Vineeth\AI\Document Processing\DARAI-CHAT\venv\Lib\site-packages\click\core.py", line 1415, in invoke
2026-09-02 08:25:07.194:     return ctx.invoke(self.callback, **ctx.params)
2026-09-02 08:25:07.195:            ~~~~~~~~~~^^^^^^^^^^^^^^^^^^^^^^^^^^^^^
2026-09-02 08:25:07.195:   File "C:\Vineeth\AI\Document Processing\DARAI-CHAT\venv\Lib\site-packages\click\core.py", line 910, in invoke
2026-09-02 08:25:07.195:     return callback(*args, **kwargs)
2026-09-02 08:25:07.195:   File "C:\Vineeth\AI\Document Processing\DARAI-CHAT\venv\Lib\site-packages\uvicorn\main.py", line 440, in main
2026-09-02 08:25:07.195:     run(
2026-09-02 08:25:07.195:     ~~~^
2026-09-02 08:25:07.195:         app,
2026-09-02 08:25:07.195:         ^^^^
2026-09-02 08:25:07.195:     ...<48 lines>...
2026-09-02 08:25:07.195:         reset_contextvars=reset_contextvars,
2026-09-02 08:25:07.195:         ^^^^^^^^^^^^^^^^^^^^^^^^^^^^^^^^^^^^
2026-09-02 08:25:07.195:     )
2026-09-02 08:25:07.195:     ^
2026-09-02 08:25:07.195:   File "C:\Vineeth\AI\Document Processing\DARAI-CHAT\venv\Lib\site-packages\uvicorn\main.py", line 609, in run
2026-09-02 08:25:07.195:     config.load_app()
2026-09-02 08:25:07.195:     ~~~~~~~~~~~~~~~^^
2026-09-02 08:25:07.195:   File "C:\Vineeth\AI\Document Processing\DARAI-CHAT\venv\Lib\site-packages\uvicorn\config.py", line 428, in load_app
2026-09-02 08:25:07.195:     return import_from_string(self.app)
2026-09-02 08:25:07.195:   File "C:\Vineeth\AI\Document Processing\DARAI-CHAT\venv\Lib\site-packages\uvicorn\importer.py", line 22, in import_from_string
2026-09-02 08:25:07.195:     raise exc from None
2026-09-02 08:25:07.195:   File "C:\Vineeth\AI\Document Processing\DARAI-CHAT\venv\Lib\site-packages\uvicorn\importer.py", line 19, in import_from_string
2026-09-02 08:25:07.195:     module = importlib.import_module(module_str)
2026-09-02 08:25:07.195:   File "C:\Python314\Lib\importlib\__init__.py", line 88, in import_module
2026-09-02 08:25:07.195:     return _bootstrap._gcd_import(name[level:], package, level)
2026-09-02 08:25:07.195:            ~~~~~~~~~~~~~~~~~~~~~~^^^^^^^^^^^^^^^^^^^^^^^^^^^^^^
2026-09-02 08:25:07.195:   File "<frozen importlib._bootstrap>", line 1406, in _gcd_import
2026-09-02 08:25:07.195:   File "<frozen importlib._bootstrap>", line 1371, in _find_and_load
2026-09-02 08:25:07.195:   File "<frozen importlib._bootstrap>", line 1342, in _find_and_load_unlocked
2026-09-02 08:25:07.195:   File "<frozen importlib._bootstrap>", line 938, in _load_unlocked
2026-09-02 08:25:07.195:   File "<frozen importlib._bootstrap_external>", line 759, in exec_module
2026-09-02 08:25:07.195:   File "<frozen importlib._bootstrap>", line 491, in _call_with_frames_removed
2026-09-02 08:25:07.195:   File "C:\Vineeth\Applications\TAAAIDOCASSIST\taaaidocassist_api\app\main.py", line 4, in <module>
2026-09-02 08:25:07.195:     from app.api.routes import auth, chat, data_management, documents, sources
2026-09-02 08:25:07.195:   File "C:\Vineeth\Applications\TAAAIDOCASSIST\taaaidocassist_api\app\api\routes\sources.py", line 50, in <module>
2026-09-02 08:25:07.195:     from app.services import googledrive_source, onedrive_source
2026-09-02 08:25:07.195:   File "C:\Vineeth\Applications\TAAAIDOCASSIST\taaaidocassist_api\app\services\googledrive_source.py", line 30, in <module>
2026-09-02 08:25:07.195:     from google.auth.transport.requests import Request as GoogleAuthRequest
2026-09-02 08:25:07.195: ModuleNotFoundError: No module named 'google'
2026-09-02 08:25:25.495: Traceback (most recent call last):
2026-09-02 08:25:25.497:   File "<frozen runpy>", line 203, in _run_module_as_main
2026-09-02 08:25:25.497:   File "<frozen runpy>", line 88, in _run_code
2026-09-02 08:25:25.497:   File "C:\Vineeth\Applications\TAAAIDOCASSIST\venv\Scripts\uvicorn.exe\__main__.py", line 5, in <module>
2026-09-02 08:25:25.497:     sys.exit(main())
2026-09-02 08:25:25.497:              ~~~~^^
2026-09-02 08:25:25.497:   File "C:\Vineeth\AI\Document Processing\DARAI-CHAT\venv\Lib\site-packages\click\core.py", line 1631, in __call__
2026-09-02 08:25:25.497:     return self.main(*args, **kwargs)
2026-09-02 08:25:25.497:            ~~~~~~~~~^^^^^^^^^^^^^^^^^
2026-09-02 08:25:25.497:   File "C:\Vineeth\AI\Document Processing\DARAI-CHAT\venv\Lib\site-packages\click\core.py", line 1552, in main
2026-09-02 08:25:25.497:     rv = self.invoke(ctx)
2026-09-02 08:25:25.497:   File "C:\Vineeth\AI\Document Processing\DARAI-CHAT\venv\Lib\site-packages\click\core.py", line 1415, in invoke
2026-09-02 08:25:25.497:     return ctx.invoke(self.callback, **ctx.params)
2026-09-02 08:25:25.497:            ~~~~~~~~~~^^^^^^^^^^^^^^^^^^^^^^^^^^^^^
2026-09-02 08:25:25.497:   File "C:\Vineeth\AI\Document Processing\DARAI-CHAT\venv\Lib\site-packages\click\core.py", line 910, in invoke
2026-09-02 08:25:25.497:     return callback(*args, **kwargs)
2026-09-02 08:25:25.497:   File "C:\Vineeth\AI\Document Processing\DARAI-CHAT\venv\Lib\site-packages\uvicorn\main.py", line 440, in main
2026-09-02 08:25:25.497:     run(
2026-09-02 08:25:25.497:     ~~~^
2026-09-02 08:25:25.497:         app,
2026-09-02 08:25:25.497:         ^^^^
2026-09-02 08:25:25.497:     ...<48 lines>...
2026-09-02 08:25:25.497:         reset_contextvars=reset_contextvars,
2026-09-02 08:25:25.497:         ^^^^^^^^^^^^^^^^^^^^^^^^^^^^^^^^^^^^
2026-09-02 08:25:25.497:     )
2026-09-02 08:25:25.497:     ^
2026-09-02 08:25:25.497:   File "C:\Vineeth\AI\Document Processing\DARAI-CHAT\venv\Lib\site-packages\uvicorn\main.py", line 609, in run
2026-09-02 08:25:25.497:     config.load_app()
2026-09-02 08:25:25.497:     ~~~~~~~~~~~~~~~^^
2026-09-02 08:25:25.497:   File "C:\Vineeth\AI\Document Processing\DARAI-CHAT\venv\Lib\site-packages\uvicorn\config.py", line 428, in load_app
2026-09-02 08:25:25.497:     return import_from_string(self.app)
2026-09-02 08:25:25.497:   File "C:\Vineeth\AI\Document Processing\DARAI-CHAT\venv\Lib\site-packages\uvicorn\importer.py", line 22, in import_from_string
2026-09-02 08:25:25.497:     raise exc from None
2026-09-02 08:25:25.497:   File "C:\Vineeth\AI\Document Processing\DARAI-CHAT\venv\Lib\site-packages\uvicorn\importer.py", line 19, in import_from_string
2026-09-02 08:25:25.497:     module = importlib.import_module(module_str)
2026-09-02 08:25:25.497:   File "C:\Python314\Lib\importlib\__init__.py", line 88, in import_module
2026-09-02 08:25:25.497:     return _bootstrap._gcd_import(name[level:], package, level)
2026-09-02 08:25:25.497:            ~~~~~~~~~~~~~~~~~~~~~~^^^^^^^^^^^^^^^^^^^^^^^^^^^^^^
2026-09-02 08:25:25.497:   File "<frozen importlib._bootstrap>", line 1406, in _gcd_import
2026-09-02 08:25:25.497:   File "<frozen importlib._bootstrap>", line 1371, in _find_and_load
2026-09-02 08:25:25.497:   File "<frozen importlib._bootstrap>", line 1342, in _find_and_load_unlocked
2026-09-02 08:25:25.497:   File "<frozen importlib._bootstrap>", line 938, in _load_unlocked
2026-09-02 08:25:25.497:   File "<frozen importlib._bootstrap_external>", line 759, in exec_module
2026-09-02 08:25:25.497:   File "<frozen importlib._bootstrap>", line 491, in _call_with_frames_removed
2026-09-02 08:25:25.497:   File "C:\Vineeth\Applications\TAAAIDOCASSIST\taaaidocassist_api\app\main.py", line 4, in <module>
2026-09-02 08:25:25.497:     from app.api.routes import auth, chat, data_management, documents, sources
2026-09-02 08:25:25.497:   File "C:\Vineeth\Applications\TAAAIDOCASSIST\taaaidocassist_api\app\api\routes\sources.py", line 50, in <module>
2026-09-02 08:25:25.497:     from app.services import googledrive_source, onedrive_source
2026-09-02 08:25:25.497:   File "C:\Vineeth\Applications\TAAAIDOCASSIST\taaaidocassist_api\app\services\googledrive_source.py", line 30, in <module>
2026-09-02 08:25:25.497:     from google.auth.transport.requests import Request as GoogleAuthRequest
2026-09-02 08:25:25.497: ModuleNotFoundError: No module named 'google'
2026-09-02 08:25:44.479: Traceback (most recent call last):
2026-09-02 08:25:44.481:   File "<frozen runpy>", line 203, in _run_module_as_main
2026-09-02 08:25:44.481:   File "<frozen runpy>", line 88, in _run_code
2026-09-02 08:25:44.481:   File "C:\Vineeth\Applications\TAAAIDOCASSIST\venv\Scripts\uvicorn.exe\__main__.py", line 5, in <module>
2026-09-02 08:25:44.481:     sys.exit(main())
2026-09-02 08:25:44.481:              ~~~~^^
2026-09-02 08:25:44.481:   File "C:\Vineeth\AI\Document Processing\DARAI-CHAT\venv\Lib\site-packages\click\core.py", line 1631, in __call__
2026-09-02 08:25:44.481:     return self.main(*args, **kwargs)
2026-09-02 08:25:44.481:            ~~~~~~~~~^^^^^^^^^^^^^^^^^
2026-09-02 08:25:44.481:   File "C:\Vineeth\AI\Document Processing\DARAI-CHAT\venv\Lib\site-packages\click\core.py", line 1552, in main
2026-09-02 08:25:44.481:     rv = self.invoke(ctx)
2026-09-02 08:25:44.481:   File "C:\Vineeth\AI\Document Processing\DARAI-CHAT\venv\Lib\site-packages\click\core.py", line 1415, in invoke
2026-09-02 08:25:44.481:     return ctx.invoke(self.callback, **ctx.params)
2026-09-02 08:25:44.481:            ~~~~~~~~~~^^^^^^^^^^^^^^^^^^^^^^^^^^^^^
2026-09-02 08:25:44.481:   File "C:\Vineeth\AI\Document Processing\DARAI-CHAT\venv\Lib\site-packages\click\core.py", line 910, in invoke
2026-09-02 08:25:44.481:     return callback(*args, **kwargs)
2026-09-02 08:25:44.481:   File "C:\Vineeth\AI\Document Processing\DARAI-CHAT\venv\Lib\site-packages\uvicorn\main.py", line 440, in main
2026-09-02 08:25:44.481:     run(
2026-09-02 08:25:44.481:     ~~~^
2026-09-02 08:25:44.481:         app,
2026-09-02 08:25:44.481:         ^^^^
2026-09-02 08:25:44.481:     ...<48 lines>...
2026-09-02 08:25:44.481:         reset_contextvars=reset_contextvars,
2026-09-02 08:25:44.481:         ^^^^^^^^^^^^^^^^^^^^^^^^^^^^^^^^^^^^
2026-09-02 08:25:44.481:     )
2026-09-02 08:25:44.481:     ^
2026-09-02 08:25:44.481:   File "C:\Vineeth\AI\Document Processing\DARAI-CHAT\venv\Lib\site-packages\uvicorn\main.py", line 609, in run
2026-09-02 08:25:44.481:     config.load_app()
2026-09-02 08:25:44.481:     ~~~~~~~~~~~~~~~^^
2026-09-02 08:25:44.481:   File "C:\Vineeth\AI\Document Processing\DARAI-CHAT\venv\Lib\site-packages\uvicorn\config.py", line 428, in load_app
2026-09-02 08:25:44.481:     return import_from_string(self.app)
2026-09-02 08:25:44.481:   File "C:\Vineeth\AI\Document Processing\DARAI-CHAT\venv\Lib\site-packages\uvicorn\importer.py", line 22, in import_from_string
2026-09-02 08:25:44.481:     raise exc from None
2026-09-02 08:25:44.481:   File "C:\Vineeth\AI\Document Processing\DARAI-CHAT\venv\Lib\site-packages\uvicorn\importer.py", line 19, in import_from_string
2026-09-02 08:25:44.481:     module = importlib.import_module(module_str)
2026-09-02 08:25:44.481:   File "C:\Python314\Lib\importlib\__init__.py", line 88, in import_module
2026-09-02 08:25:44.481:     return _bootstrap._gcd_import(name[level:], package, level)
2026-09-02 08:25:44.481:            ~~~~~~~~~~~~~~~~~~~~~~^^^^^^^^^^^^^^^^^^^^^^^^^^^^^^
2026-09-02 08:25:44.481:   File "<frozen importlib._bootstrap>", line 1406, in _gcd_import
2026-09-02 08:25:44.481:   File "<frozen importlib._bootstrap>", line 1371, in _find_and_load
2026-09-02 08:25:44.481:   File "<frozen importlib._bootstrap>", line 1342, in _find_and_load_unlocked
2026-09-02 08:25:44.481:   File "<frozen importlib._bootstrap>", line 938, in _load_unlocked
2026-09-02 08:25:44.481:   File "<frozen importlib._bootstrap_external>", line 759, in exec_module
2026-09-02 08:25:44.481:   File "<frozen importlib._bootstrap>", line 491, in _call_with_frames_removed
2026-09-02 08:25:44.481:   File "C:\Vineeth\Applications\TAAAIDOCASSIST\taaaidocassist_api\app\main.py", line 4, in <module>
2026-09-02 08:25:44.481:     from app.api.routes import auth, chat, data_management, documents, sources
2026-09-02 08:25:44.481:   File "C:\Vineeth\Applications\TAAAIDOCASSIST\taaaidocassist_api\app\api\routes\sources.py", line 50, in <module>
2026-09-02 08:25:44.481:     from app.services import googledrive_source, onedrive_source
2026-09-02 08:25:44.481:   File "C:\Vineeth\Applications\TAAAIDOCASSIST\taaaidocassist_api\app\services\googledrive_source.py", line 30, in <module>
2026-09-02 08:25:44.481:     from google.auth.transport.requests import Request as GoogleAuthRequest
2026-09-02 08:25:44.481: ModuleNotFoundError: No module named 'google'
2026-09-02 08:26:02.766: Traceback (most recent call last):
2026-09-02 08:26:02.768:   File "<frozen runpy>", line 203, in _run_module_as_main
2026-09-02 08:26:02.768:   File "<frozen runpy>", line 88, in _run_code
2026-09-02 08:26:02.768:   File "C:\Vineeth\Applications\TAAAIDOCASSIST\venv\Scripts\uvicorn.exe\__main__.py", line 5, in <module>
2026-09-02 08:26:02.768:     sys.exit(main())
2026-09-02 08:26:02.768:              ~~~~^^
2026-09-02 08:26:02.768:   File "C:\Vineeth\AI\Document Processing\DARAI-CHAT\venv\Lib\site-packages\click\core.py", line 1631, in __call__
2026-09-02 08:26:02.768:     return self.main(*args, **kwargs)
2026-09-02 08:26:02.768:            ~~~~~~~~~^^^^^^^^^^^^^^^^^
2026-09-02 08:26:02.768:   File "C:\Vineeth\AI\Document Processing\DARAI-CHAT\venv\Lib\site-packages\click\core.py", line 1552, in main
2026-09-02 08:26:02.768:     rv = self.invoke(ctx)
2026-09-02 08:26:02.768:   File "C:\Vineeth\AI\Document Processing\DARAI-CHAT\venv\Lib\site-packages\click\core.py", line 1415, in invoke
2026-09-02 08:26:02.768:     return ctx.invoke(self.callback, **ctx.params)
2026-09-02 08:26:02.768:            ~~~~~~~~~~^^^^^^^^^^^^^^^^^^^^^^^^^^^^^
2026-09-02 08:26:02.768:   File "C:\Vineeth\AI\Document Processing\DARAI-CHAT\venv\Lib\site-packages\click\core.py", line 910, in invoke
2026-09-02 08:26:02.768:     return callback(*args, **kwargs)
2026-09-02 08:26:02.768:   File "C:\Vineeth\AI\Document Processing\DARAI-CHAT\venv\Lib\site-packages\uvicorn\main.py", line 440, in main
2026-09-02 08:26:02.768:     run(
2026-09-02 08:26:02.768:     ~~~^
2026-09-02 08:26:02.768:         app,
2026-09-02 08:26:02.768:         ^^^^
2026-09-02 08:26:02.768:     ...<48 lines>...
2026-09-02 08:26:02.768:         reset_contextvars=reset_contextvars,
2026-09-02 08:26:02.768:         ^^^^^^^^^^^^^^^^^^^^^^^^^^^^^^^^^^^^
2026-09-02 08:26:02.768:     )
2026-09-02 08:26:02.768:     ^
2026-09-02 08:26:02.768:   File "C:\Vineeth\AI\Document Processing\DARAI-CHAT\venv\Lib\site-packages\uvicorn\main.py", line 609, in run
2026-09-02 08:26:02.768:     config.load_app()
2026-09-02 08:26:02.768:     ~~~~~~~~~~~~~~~^^
2026-09-02 08:26:02.768:   File "C:\Vineeth\AI\Document Processing\DARAI-CHAT\venv\Lib\site-packages\uvicorn\config.py", line 428, in load_app
2026-09-02 08:26:02.768:     return import_from_string(self.app)
2026-09-02 08:26:02.768:   File "C:\Vineeth\AI\Document Processing\DARAI-CHAT\venv\Lib\site-packages\uvicorn\importer.py", line 22, in import_from_string
2026-09-02 08:26:02.768:     raise exc from None
2026-09-02 08:26:02.768:   File "C:\Vineeth\AI\Document Processing\DARAI-CHAT\venv\Lib\site-packages\uvicorn\importer.py", line 19, in import_from_string
2026-09-02 08:26:02.768:     module = importlib.import_module(module_str)
2026-09-02 08:26:02.768:   File "C:\Python314\Lib\importlib\__init__.py", line 88, in import_module
2026-09-02 08:26:02.768:     return _bootstrap._gcd_import(name[level:], package, level)
2026-09-02 08:26:02.768:            ~~~~~~~~~~~~~~~~~~~~~~^^^^^^^^^^^^^^^^^^^^^^^^^^^^^^
2026-09-02 08:26:02.768:   File "<frozen importlib._bootstrap>", line 1406, in _gcd_import
2026-09-02 08:26:02.768:   File "<frozen importlib._bootstrap>", line 1371, in _find_and_load
2026-09-02 08:26:02.768:   File "<frozen importlib._bootstrap>", line 1342, in _find_and_load_unlocked
2026-09-02 08:26:02.768:   File "<frozen importlib._bootstrap>", line 938, in _load_unlocked
2026-09-02 08:26:02.768:   File "<frozen importlib._bootstrap_external>", line 759, in exec_module
2026-09-02 08:26:02.768:   File "<frozen importlib._bootstrap>", line 491, in _call_with_frames_removed
2026-09-02 08:26:02.768:   File "C:\Vineeth\Applications\TAAAIDOCASSIST\taaaidocassist_api\app\main.py", line 4, in <module>
2026-09-02 08:26:02.768:     from app.api.routes import auth, chat, data_management, documents, sources
2026-09-02 08:26:02.768:   File "C:\Vineeth\Applications\TAAAIDOCASSIST\taaaidocassist_api\app\api\routes\sources.py", line 50, in <module>
2026-09-02 08:26:02.768:     from app.services import googledrive_source, onedrive_source
2026-09-02 08:26:02.768:   File "C:\Vineeth\Applications\TAAAIDOCASSIST\taaaidocassist_api\app\services\googledrive_source.py", line 30, in <module>
2026-09-02 08:26:02.768:     from google.auth.transport.requests import Request as GoogleAuthRequest
2026-09-02 08:26:02.768: ModuleNotFoundError: No module named 'google'
2026-09-02 08:26:09.323: 
2026-09-02 08:26:09.323: Aborted!
2026-09-02 08:26:49.577: Traceback (most recent call last):
2026-09-02 08:26:49.579:   File "<frozen runpy>", line 203, in _run_module_as_main
2026-09-02 08:26:49.579:   File "<frozen runpy>", line 88, in _run_code
2026-09-02 08:26:49.579:   File "C:\Vineeth\Applications\TAAAIDOCASSIST\venv\Scripts\uvicorn.exe\__main__.py", line 5, in <module>
2026-09-02 08:26:49.579:     sys.exit(main())
2026-09-02 08:26:49.579:              ~~~~^^
2026-09-02 08:26:49.579:   File "C:\Vineeth\AI\Document Processing\DARAI-CHAT\venv\Lib\site-packages\click\core.py", line 1631, in __call__
2026-09-02 08:26:49.579:     return self.main(*args, **kwargs)
2026-09-02 08:26:49.579:            ~~~~~~~~~^^^^^^^^^^^^^^^^^
2026-09-02 08:26:49.579:   File "C:\Vineeth\AI\Document Processing\DARAI-CHAT\venv\Lib\site-packages\click\core.py", line 1552, in main
2026-09-02 08:26:49.579:     rv = self.invoke(ctx)
2026-09-02 08:26:49.579:   File "C:\Vineeth\AI\Document Processing\DARAI-CHAT\venv\Lib\site-packages\click\core.py", line 1415, in invoke
2026-09-02 08:26:49.579:     return ctx.invoke(self.callback, **ctx.params)
2026-09-02 08:26:49.579:            ~~~~~~~~~~^^^^^^^^^^^^^^^^^^^^^^^^^^^^^
2026-09-02 08:26:49.579:   File "C:\Vineeth\AI\Document Processing\DARAI-CHAT\venv\Lib\site-packages\click\core.py", line 910, in invoke
2026-09-02 08:26:49.579:     return callback(*args, **kwargs)
2026-09-02 08:26:49.579:   File "C:\Vineeth\AI\Document Processing\DARAI-CHAT\venv\Lib\site-packages\uvicorn\main.py", line 440, in main
2026-09-02 08:26:49.579:     run(
2026-09-02 08:26:49.579:     ~~~^
2026-09-02 08:26:49.579:         app,
2026-09-02 08:26:49.579:         ^^^^
2026-09-02 08:26:49.579:     ...<48 lines>...
2026-09-02 08:26:49.579:         reset_contextvars=reset_contextvars,
2026-09-02 08:26:49.579:         ^^^^^^^^^^^^^^^^^^^^^^^^^^^^^^^^^^^^
2026-09-02 08:26:49.579:     )
2026-09-02 08:26:49.579:     ^
2026-09-02 08:26:49.579:   File "C:\Vineeth\AI\Document Processing\DARAI-CHAT\venv\Lib\site-packages\uvicorn\main.py", line 609, in run
2026-09-02 08:26:49.579:     config.load_app()
2026-09-02 08:26:49.579:     ~~~~~~~~~~~~~~~^^
2026-09-02 08:26:49.579:   File "C:\Vineeth\AI\Document Processing\DARAI-CHAT\venv\Lib\site-packages\uvicorn\config.py", line 428, in load_app
2026-09-02 08:26:49.579:     return import_from_string(self.app)
2026-09-02 08:26:49.579:   File "C:\Vineeth\AI\Document Processing\DARAI-CHAT\venv\Lib\site-packages\uvicorn\importer.py", line 22, in import_from_string
2026-09-02 08:26:49.579:     raise exc from None
2026-09-02 08:26:49.579:   File "C:\Vineeth\AI\Document Processing\DARAI-CHAT\venv\Lib\site-packages\uvicorn\importer.py", line 19, in import_from_string
2026-09-02 08:26:49.579:     module = importlib.import_module(module_str)
2026-09-02 08:26:49.579:   File "C:\Python314\Lib\importlib\__init__.py", line 88, in import_module
2026-09-02 08:26:49.579:     return _bootstrap._gcd_import(name[level:], package, level)
2026-09-02 08:26:49.579:            ~~~~~~~~~~~~~~~~~~~~~~^^^^^^^^^^^^^^^^^^^^^^^^^^^^^^
2026-09-02 08:26:49.579:   File "<frozen importlib._bootstrap>", line 1406, in _gcd_import
2026-09-02 08:26:49.579:   File "<frozen importlib._bootstrap>", line 1371, in _find_and_load
2026-09-02 08:26:49.579:   File "<frozen importlib._bootstrap>", line 1342, in _find_and_load_unlocked
2026-09-02 08:26:49.579:   File "<frozen importlib._bootstrap>", line 938, in _load_unlocked
2026-09-02 08:26:49.579:   File "<frozen importlib._bootstrap_external>", line 759, in exec_module
2026-09-02 08:26:49.579:   File "<frozen importlib._bootstrap>", line 491, in _call_with_frames_removed
2026-09-02 08:26:49.579:   File "C:\Vineeth\Applications\TAAAIDOCASSIST\taaaidocassist_api\app\main.py", line 4, in <module>
2026-09-02 08:26:49.579:     from app.api.routes import auth, chat, data_management, documents, sources
2026-09-02 08:26:49.579:   File "C:\Vineeth\Applications\TAAAIDOCASSIST\taaaidocassist_api\app\api\routes\sources.py", line 50, in <module>
2026-09-02 08:26:49.579:     from app.services import googledrive_source, onedrive_source
2026-09-02 08:26:49.579:   File "C:\Vineeth\Applications\TAAAIDOCASSIST\taaaidocassist_api\app\services\googledrive_source.py", line 30, in <module>
2026-09-02 08:26:49.579:     from google.auth.transport.requests import Request as GoogleAuthRequest
2026-09-02 08:26:49.579: ModuleNotFoundError: No module named 'google'
2026-09-02 08:27:07.675: Traceback (most recent call last):
2026-09-02 08:27:07.678:   File "<frozen runpy>", line 203, in _run_module_as_main
2026-09-02 08:27:07.678:   File "<frozen runpy>", line 88, in _run_code
2026-09-02 08:27:07.678:   File "C:\Vineeth\Applications\TAAAIDOCASSIST\venv\Scripts\uvicorn.exe\__main__.py", line 5, in <module>
2026-09-02 08:27:07.678:     sys.exit(main())
2026-09-02 08:27:07.678:              ~~~~^^
2026-09-02 08:27:07.678:   File "C:\Vineeth\AI\Document Processing\DARAI-CHAT\venv\Lib\site-packages\click\core.py", line 1631, in __call__
2026-09-02 08:27:07.678:     return self.main(*args, **kwargs)
2026-09-02 08:27:07.678:            ~~~~~~~~~^^^^^^^^^^^^^^^^^
2026-09-02 08:27:07.678:   File "C:\Vineeth\AI\Document Processing\DARAI-CHAT\venv\Lib\site-packages\click\core.py", line 1552, in main
2026-09-02 08:27:07.678:     rv = self.invoke(ctx)
2026-09-02 08:27:07.678:   File "C:\Vineeth\AI\Document Processing\DARAI-CHAT\venv\Lib\site-packages\click\core.py", line 1415, in invoke
2026-09-02 08:27:07.678:     return ctx.invoke(self.callback, **ctx.params)
2026-09-02 08:27:07.678:            ~~~~~~~~~~^^^^^^^^^^^^^^^^^^^^^^^^^^^^^
2026-09-02 08:27:07.678:   File "C:\Vineeth\AI\Document Processing\DARAI-CHAT\venv\Lib\site-packages\click\core.py", line 910, in invoke
2026-09-02 08:27:07.678:     return callback(*args, **kwargs)
2026-09-02 08:27:07.678:   File "C:\Vineeth\AI\Document Processing\DARAI-CHAT\venv\Lib\site-packages\uvicorn\main.py", line 440, in main
2026-09-02 08:27:07.678:     run(
2026-09-02 08:27:07.678:     ~~~^
2026-09-02 08:27:07.678:         app,
2026-09-02 08:27:07.678:         ^^^^
2026-09-02 08:27:07.678:     ...<48 lines>...
2026-09-02 08:27:07.678:         reset_contextvars=reset_contextvars,
2026-09-02 08:27:07.678:         ^^^^^^^^^^^^^^^^^^^^^^^^^^^^^^^^^^^^
2026-09-02 08:27:07.678:     )
2026-09-02 08:27:07.678:     ^
2026-09-02 08:27:07.678:   File "C:\Vineeth\AI\Document Processing\DARAI-CHAT\venv\Lib\site-packages\uvicorn\main.py", line 609, in run
2026-09-02 08:27:07.678:     config.load_app()
2026-09-02 08:27:07.678:     ~~~~~~~~~~~~~~~^^
2026-09-02 08:27:07.678:   File "C:\Vineeth\AI\Document Processing\DARAI-CHAT\venv\Lib\site-packages\uvicorn\config.py", line 428, in load_app
2026-09-02 08:27:07.678:     return import_from_string(self.app)
2026-09-02 08:27:07.678:   File "C:\Vineeth\AI\Document Processing\DARAI-CHAT\venv\Lib\site-packages\uvicorn\importer.py", line 22, in import_from_string
2026-09-02 08:27:07.678:     raise exc from None
2026-09-02 08:27:07.678:   File "C:\Vineeth\AI\Document Processing\DARAI-CHAT\venv\Lib\site-packages\uvicorn\importer.py", line 19, in import_from_string
2026-09-02 08:27:07.678:     module = importlib.import_module(module_str)
2026-09-02 08:27:07.678:   File "C:\Python314\Lib\importlib\__init__.py", line 88, in import_module
2026-09-02 08:27:07.678:     return _bootstrap._gcd_import(name[level:], package, level)
2026-09-02 08:27:07.678:            ~~~~~~~~~~~~~~~~~~~~~~^^^^^^^^^^^^^^^^^^^^^^^^^^^^^^
2026-09-02 08:27:07.678:   File "<frozen importlib._bootstrap>", line 1406, in _gcd_import
2026-09-02 08:27:07.678:   File "<frozen importlib._bootstrap>", line 1371, in _find_and_load
2026-09-02 08:27:07.678:   File "<frozen importlib._bootstrap>", line 1342, in _find_and_load_unlocked
2026-09-02 08:27:07.678:   File "<frozen importlib._bootstrap>", line 938, in _load_unlocked
2026-09-02 08:27:07.678:   File "<frozen importlib._bootstrap_external>", line 759, in exec_module
2026-09-02 08:27:07.678:   File "<frozen importlib._bootstrap>", line 491, in _call_with_frames_removed
2026-09-02 08:27:07.678:   File "C:\Vineeth\Applications\TAAAIDOCASSIST\taaaidocassist_api\app\main.py", line 4, in <module>
2026-09-02 08:27:07.678:     from app.api.routes import auth, chat, data_management, documents, sources
2026-09-02 08:27:07.678:   File "C:\Vineeth\Applications\TAAAIDOCASSIST\taaaidocassist_api\app\api\routes\sources.py", line 50, in <module>
2026-09-02 08:27:07.678:     from app.services import googledrive_source, onedrive_source
2026-09-02 08:27:07.678:   File "C:\Vineeth\Applications\TAAAIDOCASSIST\taaaidocassist_api\app\services\googledrive_source.py", line 30, in <module>
2026-09-02 08:27:07.678:     from google.auth.transport.requests import Request as GoogleAuthRequest
2026-09-02 08:27:07.678: ModuleNotFoundError: No module named 'google'
2026-09-02 08:27:26.087: Traceback (most recent call last):
2026-09-02 08:27:26.089:   File "<frozen runpy>", line 203, in _run_module_as_main
2026-09-02 08:27:26.089:   File "<frozen runpy>", line 88, in _run_code
2026-09-02 08:27:26.089:   File "C:\Vineeth\Applications\TAAAIDOCASSIST\venv\Scripts\uvicorn.exe\__main__.py", line 5, in <module>
2026-09-02 08:27:26.089:     sys.exit(main())
2026-09-02 08:27:26.089:              ~~~~^^
2026-09-02 08:27:26.089:   File "C:\Vineeth\AI\Document Processing\DARAI-CHAT\venv\Lib\site-packages\click\core.py", line 1631, in __call__
2026-09-02 08:27:26.089:     return self.main(*args, **kwargs)
2026-09-02 08:27:26.089:            ~~~~~~~~~^^^^^^^^^^^^^^^^^
2026-09-02 08:27:26.089:   File "C:\Vineeth\AI\Document Processing\DARAI-CHAT\venv\Lib\site-packages\click\core.py", line 1552, in main
2026-09-02 08:27:26.089:     rv = self.invoke(ctx)
2026-09-02 08:27:26.089:   File "C:\Vineeth\AI\Document Processing\DARAI-CHAT\venv\Lib\site-packages\click\core.py", line 1415, in invoke
2026-09-02 08:27:26.089:     return ctx.invoke(self.callback, **ctx.params)
2026-09-02 08:27:26.089:            ~~~~~~~~~~^^^^^^^^^^^^^^^^^^^^^^^^^^^^^
2026-09-02 08:27:26.089:   File "C:\Vineeth\AI\Document Processing\DARAI-CHAT\venv\Lib\site-packages\click\core.py", line 910, in invoke
2026-09-02 08:27:26.089:     return callback(*args, **kwargs)
2026-09-02 08:27:26.089:   File "C:\Vineeth\AI\Document Processing\DARAI-CHAT\venv\Lib\site-packages\uvicorn\main.py", line 440, in main
2026-09-02 08:27:26.089:     run(
2026-09-02 08:27:26.089:     ~~~^
2026-09-02 08:27:26.089:         app,
2026-09-02 08:27:26.089:         ^^^^
2026-09-02 08:27:26.089:     ...<48 lines>...
2026-09-02 08:27:26.089:         reset_contextvars=reset_contextvars,
2026-09-02 08:27:26.089:         ^^^^^^^^^^^^^^^^^^^^^^^^^^^^^^^^^^^^
2026-09-02 08:27:26.089:     )
2026-09-02 08:27:26.089:     ^
2026-09-02 08:27:26.089:   File "C:\Vineeth\AI\Document Processing\DARAI-CHAT\venv\Lib\site-packages\uvicorn\main.py", line 609, in run
2026-09-02 08:27:26.089:     config.load_app()
2026-09-02 08:27:26.089:     ~~~~~~~~~~~~~~~^^
2026-09-02 08:27:26.089:   File "C:\Vineeth\AI\Document Processing\DARAI-CHAT\venv\Lib\site-packages\uvicorn\config.py", line 428, in load_app
2026-09-02 08:27:26.089:     return import_from_string(self.app)
2026-09-02 08:27:26.089:   File "C:\Vineeth\AI\Document Processing\DARAI-CHAT\venv\Lib\site-packages\uvicorn\importer.py", line 22, in import_from_string
2026-09-02 08:27:26.089:     raise exc from None
2026-09-02 08:27:26.089:   File "C:\Vineeth\AI\Document Processing\DARAI-CHAT\venv\Lib\site-packages\uvicorn\importer.py", line 19, in import_from_string
2026-09-02 08:27:26.089:     module = importlib.import_module(module_str)
2026-09-02 08:27:26.089:   File "C:\Python314\Lib\importlib\__init__.py", line 88, in import_module
2026-09-02 08:27:26.089:     return _bootstrap._gcd_import(name[level:], package, level)
2026-09-02 08:27:26.089:            ~~~~~~~~~~~~~~~~~~~~~~^^^^^^^^^^^^^^^^^^^^^^^^^^^^^^
2026-09-02 08:27:26.089:   File "<frozen importlib._bootstrap>", line 1406, in _gcd_import
2026-09-02 08:27:26.089:   File "<frozen importlib._bootstrap>", line 1371, in _find_and_load
2026-09-02 08:27:26.089:   File "<frozen importlib._bootstrap>", line 1342, in _find_and_load_unlocked
2026-09-02 08:27:26.089:   File "<frozen importlib._bootstrap>", line 938, in _load_unlocked
2026-09-02 08:27:26.089:   File "<frozen importlib._bootstrap_external>", line 759, in exec_module
2026-09-02 08:27:26.089:   File "<frozen importlib._bootstrap>", line 491, in _call_with_frames_removed
2026-09-02 08:27:26.089:   File "C:\Vineeth\Applications\TAAAIDOCASSIST\taaaidocassist_api\app\main.py", line 4, in <module>
2026-09-02 08:27:26.089:     from app.api.routes import auth, chat, data_management, documents, sources
2026-09-02 08:27:26.089:   File "C:\Vineeth\Applications\TAAAIDOCASSIST\taaaidocassist_api\app\api\routes\sources.py", line 50, in <module>
2026-09-02 08:27:26.089:     from app.services import googledrive_source, onedrive_source
2026-09-02 08:27:26.089:   File "C:\Vineeth\Applications\TAAAIDOCASSIST\taaaidocassist_api\app\services\googledrive_source.py", line 30, in <module>
2026-09-02 08:27:26.089:     from google.auth.transport.requests import Request as GoogleAuthRequest
2026-09-02 08:27:26.089: ModuleNotFoundError: No module named 'google'
2026-09-02 08:27:44.446: Traceback (most recent call last):
2026-09-02 08:27:44.448:   File "<frozen runpy>", line 203, in _run_module_as_main
2026-09-02 08:27:44.448:   File "<frozen runpy>", line 88, in _run_code
2026-09-02 08:27:44.448:   File "C:\Vineeth\Applications\TAAAIDOCASSIST\venv\Scripts\uvicorn.exe\__main__.py", line 5, in <module>
2026-09-02 08:27:44.448:     sys.exit(main())
2026-09-02 08:27:44.448:              ~~~~^^
2026-09-02 08:27:44.448:   File "C:\Vineeth\AI\Document Processing\DARAI-CHAT\venv\Lib\site-packages\click\core.py", line 1631, in __call__
2026-09-02 08:27:44.448:     return self.main(*args, **kwargs)
2026-09-02 08:27:44.448:            ~~~~~~~~~^^^^^^^^^^^^^^^^^
2026-09-02 08:27:44.448:   File "C:\Vineeth\AI\Document Processing\DARAI-CHAT\venv\Lib\site-packages\click\core.py", line 1552, in main
2026-09-02 08:27:44.448:     rv = self.invoke(ctx)
2026-09-02 08:27:44.448:   File "C:\Vineeth\AI\Document Processing\DARAI-CHAT\venv\Lib\site-packages\click\core.py", line 1415, in invoke
2026-09-02 08:27:44.448:     return ctx.invoke(self.callback, **ctx.params)
2026-09-02 08:27:44.448:            ~~~~~~~~~~^^^^^^^^^^^^^^^^^^^^^^^^^^^^^
2026-09-02 08:27:44.448:   File "C:\Vineeth\AI\Document Processing\DARAI-CHAT\venv\Lib\site-packages\click\core.py", line 910, in invoke
2026-09-02 08:27:44.448:     return callback(*args, **kwargs)
2026-09-02 08:27:44.448:   File "C:\Vineeth\AI\Document Processing\DARAI-CHAT\venv\Lib\site-packages\uvicorn\main.py", line 440, in main
2026-09-02 08:27:44.448:     run(
2026-09-02 08:27:44.448:     ~~~^
2026-09-02 08:27:44.448:         app,
2026-09-02 08:27:44.448:         ^^^^
2026-09-02 08:27:44.448:     ...<48 lines>...
2026-09-02 08:27:44.448:         reset_contextvars=reset_contextvars,
2026-09-02 08:27:44.448:         ^^^^^^^^^^^^^^^^^^^^^^^^^^^^^^^^^^^^
2026-09-02 08:27:44.448:     )
2026-09-02 08:27:44.448:     ^
2026-09-02 08:27:44.448:   File "C:\Vineeth\AI\Document Processing\DARAI-CHAT\venv\Lib\site-packages\uvicorn\main.py", line 609, in run
2026-09-02 08:27:44.448:     config.load_app()
2026-09-02 08:27:44.448:     ~~~~~~~~~~~~~~~^^
2026-09-02 08:27:44.448:   File "C:\Vineeth\AI\Document Processing\DARAI-CHAT\venv\Lib\site-packages\uvicorn\config.py", line 428, in load_app
2026-09-02 08:27:44.448:     return import_from_string(self.app)
2026-09-02 08:27:44.448:   File "C:\Vineeth\AI\Document Processing\DARAI-CHAT\venv\Lib\site-packages\uvicorn\importer.py", line 22, in import_from_string
2026-09-02 08:27:44.448:     raise exc from None
2026-09-02 08:27:44.448:   File "C:\Vineeth\AI\Document Processing\DARAI-CHAT\venv\Lib\site-packages\uvicorn\importer.py", line 19, in import_from_string
2026-09-02 08:27:44.448:     module = importlib.import_module(module_str)
2026-09-02 08:27:44.448:   File "C:\Python314\Lib\importlib\__init__.py", line 88, in import_module
2026-09-02 08:27:44.448:     return _bootstrap._gcd_import(name[level:], package, level)
2026-09-02 08:27:44.448:            ~~~~~~~~~~~~~~~~~~~~~~^^^^^^^^^^^^^^^^^^^^^^^^^^^^^^
2026-09-02 08:27:44.448:   File "<frozen importlib._bootstrap>", line 1406, in _gcd_import
2026-09-02 08:27:44.448:   File "<frozen importlib._bootstrap>", line 1371, in _find_and_load
2026-09-02 08:27:44.448:   File "<frozen importlib._bootstrap>", line 1342, in _find_and_load_unlocked
2026-09-02 08:27:44.448:   File "<frozen importlib._bootstrap>", line 938, in _load_unlocked
2026-09-02 08:27:44.448:   File "<frozen importlib._bootstrap_external>", line 759, in exec_module
2026-09-02 08:27:44.448:   File "<frozen importlib._bootstrap>", line 491, in _call_with_frames_removed
2026-09-02 08:27:44.448:   File "C:\Vineeth\Applications\TAAAIDOCASSIST\taaaidocassist_api\app\main.py", line 4, in <module>
2026-09-02 08:27:44.448:     from app.api.routes import auth, chat, data_management, documents, sources
2026-09-02 08:27:44.448:   File "C:\Vineeth\Applications\TAAAIDOCASSIST\taaaidocassist_api\app\api\routes\sources.py", line 50, in <module>
2026-09-02 08:27:44.448:     from app.services import googledrive_source, onedrive_source
2026-09-02 08:27:44.448:   File "C:\Vineeth\Applications\TAAAIDOCASSIST\taaaidocassist_api\app\services\googledrive_source.py", line 30, in <module>
2026-09-02 08:27:44.448:     from google.auth.transport.requests import Request as GoogleAuthRequest
2026-09-02 08:27:44.448: ModuleNotFoundError: No module named 'google'
2026-09-02 08:28:06.904: Traceback (most recent call last):
2026-09-02 08:28:06.906:   File "<frozen runpy>", line 203, in _run_module_as_main
2026-09-02 08:28:06.906:   File "<frozen runpy>", line 88, in _run_code
2026-09-02 08:28:06.906:   File "C:\Vineeth\Applications\TAAAIDOCASSIST\venv\Scripts\uvicorn.exe\__main__.py", line 5, in <module>
2026-09-02 08:28:06.906:     sys.exit(main())
2026-09-02 08:28:06.906:              ~~~~^^
2026-09-02 08:28:06.906:   File "C:\Vineeth\AI\Document Processing\DARAI-CHAT\venv\Lib\site-packages\click\core.py", line 1631, in __call__
2026-09-02 08:28:06.906:     return self.main(*args, **kwargs)
2026-09-02 08:28:06.906:            ~~~~~~~~~^^^^^^^^^^^^^^^^^
2026-09-02 08:28:06.906:   File "C:\Vineeth\AI\Document Processing\DARAI-CHAT\venv\Lib\site-packages\click\core.py", line 1552, in main
2026-09-02 08:28:06.906:     rv = self.invoke(ctx)
2026-09-02 08:28:06.906:   File "C:\Vineeth\AI\Document Processing\DARAI-CHAT\venv\Lib\site-packages\click\core.py", line 1415, in invoke
2026-09-02 08:28:06.906:     return ctx.invoke(self.callback, **ctx.params)
2026-09-02 08:28:06.906:            ~~~~~~~~~~^^^^^^^^^^^^^^^^^^^^^^^^^^^^^
2026-09-02 08:28:06.906:   File "C:\Vineeth\AI\Document Processing\DARAI-CHAT\venv\Lib\site-packages\click\core.py", line 910, in invoke
2026-09-02 08:28:06.906:     return callback(*args, **kwargs)
2026-09-02 08:28:06.906:   File "C:\Vineeth\AI\Document Processing\DARAI-CHAT\venv\Lib\site-packages\uvicorn\main.py", line 440, in main
2026-09-02 08:28:06.906:     run(
2026-09-02 08:28:06.906:     ~~~^
2026-09-02 08:28:06.906:         app,
2026-09-02 08:28:06.906:         ^^^^
2026-09-02 08:28:06.906:     ...<48 lines>...
2026-09-02 08:28:06.906:         reset_contextvars=reset_contextvars,
2026-09-02 08:28:06.906:         ^^^^^^^^^^^^^^^^^^^^^^^^^^^^^^^^^^^^
2026-09-02 08:28:06.906:     )
2026-09-02 08:28:06.906:     ^
2026-09-02 08:28:06.906:   File "C:\Vineeth\AI\Document Processing\DARAI-CHAT\venv\Lib\site-packages\uvicorn\main.py", line 609, in run
2026-09-02 08:28:06.906:     config.load_app()
2026-09-02 08:28:06.906:     ~~~~~~~~~~~~~~~^^
2026-09-02 08:28:06.906:   File "C:\Vineeth\AI\Document Processing\DARAI-CHAT\venv\Lib\site-packages\uvicorn\config.py", line 428, in load_app
2026-09-02 08:28:06.906:     return import_from_string(self.app)
2026-09-02 08:28:06.906:   File "C:\Vineeth\AI\Document Processing\DARAI-CHAT\venv\Lib\site-packages\uvicorn\importer.py", line 22, in import_from_string
2026-09-02 08:28:06.906:     raise exc from None
2026-09-02 08:28:06.906:   File "C:\Vineeth\AI\Document Processing\DARAI-CHAT\venv\Lib\site-packages\uvicorn\importer.py", line 19, in import_from_string
2026-09-02 08:28:06.906:     module = importlib.import_module(module_str)
2026-09-02 08:28:06.906:   File "C:\Python314\Lib\importlib\__init__.py", line 88, in import_module
2026-09-02 08:28:06.906:     return _bootstrap._gcd_import(name[level:], package, level)
2026-09-02 08:28:06.906:            ~~~~~~~~~~~~~~~~~~~~~~^^^^^^^^^^^^^^^^^^^^^^^^^^^^^^
2026-09-02 08:28:06.906:   File "<frozen importlib._bootstrap>", line 1406, in _gcd_import
2026-09-02 08:28:06.906:   File "<frozen importlib._bootstrap>", line 1371, in _find_and_load
2026-09-02 08:28:06.906:   File "<frozen importlib._bootstrap>", line 1342, in _find_and_load_unlocked
2026-09-02 08:28:06.906:   File "<frozen importlib._bootstrap>", line 938, in _load_unlocked
2026-09-02 08:28:06.906:   File "<frozen importlib._bootstrap_external>", line 759, in exec_module
2026-09-02 08:28:06.906:   File "<frozen importlib._bootstrap>", line 491, in _call_with_frames_removed
2026-09-02 08:28:06.906:   File "C:\Vineeth\Applications\TAAAIDOCASSIST\taaaidocassist_api\app\main.py", line 4, in <module>
2026-09-02 08:28:06.906:     from app.api.routes import auth, chat, data_management, documents, sources
2026-09-02 08:28:06.906:   File "C:\Vineeth\Applications\TAAAIDOCASSIST\taaaidocassist_api\app\api\routes\sources.py", line 50, in <module>
2026-09-02 08:28:06.906:     from app.services import googledrive_source, onedrive_source
2026-09-02 08:28:06.906:   File "C:\Vineeth\Applications\TAAAIDOCASSIST\taaaidocassist_api\app\services\googledrive_source.py", line 30, in <module>
2026-09-02 08:28:06.906:     from google.auth.transport.requests import Request as GoogleAuthRequest
2026-09-02 08:28:06.906: ModuleNotFoundError: No module named 'google'
2026-09-02 08:28:25.243: Traceback (most recent call last):
2026-09-02 08:28:25.245:   File "<frozen runpy>", line 203, in _run_module_as_main
2026-09-02 08:28:25.245:   File "<frozen runpy>", line 88, in _run_code
2026-09-02 08:28:25.245:   File "C:\Vineeth\Applications\TAAAIDOCASSIST\venv\Scripts\uvicorn.exe\__main__.py", line 5, in <module>
2026-09-02 08:28:25.245:     sys.exit(main())
2026-09-02 08:28:25.245:              ~~~~^^
2026-09-02 08:28:25.245:   File "C:\Vineeth\AI\Document Processing\DARAI-CHAT\venv\Lib\site-packages\click\core.py", line 1631, in __call__
2026-09-02 08:28:25.245:     return self.main(*args, **kwargs)
2026-09-02 08:28:25.245:            ~~~~~~~~~^^^^^^^^^^^^^^^^^
2026-09-02 08:28:25.245:   File "C:\Vineeth\AI\Document Processing\DARAI-CHAT\venv\Lib\site-packages\click\core.py", line 1552, in main
2026-09-02 08:28:25.245:     rv = self.invoke(ctx)
2026-09-02 08:28:25.245:   File "C:\Vineeth\AI\Document Processing\DARAI-CHAT\venv\Lib\site-packages\click\core.py", line 1415, in invoke
2026-09-02 08:28:25.245:     return ctx.invoke(self.callback, **ctx.params)
2026-09-02 08:28:25.245:            ~~~~~~~~~~^^^^^^^^^^^^^^^^^^^^^^^^^^^^^
2026-09-02 08:28:25.245:   File "C:\Vineeth\AI\Document Processing\DARAI-CHAT\venv\Lib\site-packages\click\core.py", line 910, in invoke
2026-09-02 08:28:25.245:     return callback(*args, **kwargs)
2026-09-02 08:28:25.245:   File "C:\Vineeth\AI\Document Processing\DARAI-CHAT\venv\Lib\site-packages\uvicorn\main.py", line 440, in main
2026-09-02 08:28:25.245:     run(
2026-09-02 08:28:25.245:     ~~~^
2026-09-02 08:28:25.245:         app,
2026-09-02 08:28:25.245:         ^^^^
2026-09-02 08:28:25.245:     ...<48 lines>...
2026-09-02 08:28:25.245:         reset_contextvars=reset_contextvars,
2026-09-02 08:28:25.245:         ^^^^^^^^^^^^^^^^^^^^^^^^^^^^^^^^^^^^
2026-09-02 08:28:25.245:     )
2026-09-02 08:28:25.245:     ^
2026-09-02 08:28:25.245:   File "C:\Vineeth\AI\Document Processing\DARAI-CHAT\venv\Lib\site-packages\uvicorn\main.py", line 609, in run
2026-09-02 08:28:25.245:     config.load_app()
2026-09-02 08:28:25.245:     ~~~~~~~~~~~~~~~^^
2026-09-02 08:28:25.245:   File "C:\Vineeth\AI\Document Processing\DARAI-CHAT\venv\Lib\site-packages\uvicorn\config.py", line 428, in load_app
2026-09-02 08:28:25.245:     return import_from_string(self.app)
2026-09-02 08:28:25.245:   File "C:\Vineeth\AI\Document Processing\DARAI-CHAT\venv\Lib\site-packages\uvicorn\importer.py", line 22, in import_from_string
2026-09-02 08:28:25.245:     raise exc from None
2026-09-02 08:28:25.245:   File "C:\Vineeth\AI\Document Processing\DARAI-CHAT\venv\Lib\site-packages\uvicorn\importer.py", line 19, in import_from_string
2026-09-02 08:28:25.245:     module = importlib.import_module(module_str)
2026-09-02 08:28:25.245:   File "C:\Python314\Lib\importlib\__init__.py", line 88, in import_module
2026-09-02 08:28:25.245:     return _bootstrap._gcd_import(name[level:], package, level)
2026-09-02 08:28:25.245:            ~~~~~~~~~~~~~~~~~~~~~~^^^^^^^^^^^^^^^^^^^^^^^^^^^^^^
2026-09-02 08:28:25.245:   File "<frozen importlib._bootstrap>", line 1406, in _gcd_import
2026-09-02 08:28:25.245:   File "<frozen importlib._bootstrap>", line 1371, in _find_and_load
2026-09-02 08:28:25.245:   File "<frozen importlib._bootstrap>", line 1342, in _find_and_load_unlocked
2026-09-02 08:28:25.245:   File "<frozen importlib._bootstrap>", line 938, in _load_unlocked
2026-09-02 08:28:25.245:   File "<frozen importlib._bootstrap_external>", line 759, in exec_module
2026-09-02 08:28:25.245:   File "<frozen importlib._bootstrap>", line 491, in _call_with_frames_removed
2026-09-02 08:28:25.245:   File "C:\Vineeth\Applications\TAAAIDOCASSIST\taaaidocassist_api\app\main.py", line 4, in <module>
2026-09-02 08:28:25.245:     from app.api.routes import auth, chat, data_management, documents, sources
2026-09-02 08:28:25.245:   File "C:\Vineeth\Applications\TAAAIDOCASSIST\taaaidocassist_api\app\api\routes\sources.py", line 50, in <module>
2026-09-02 08:28:25.245:     from app.services import googledrive_source, onedrive_source
2026-09-02 08:28:25.245:   File "C:\Vineeth\Applications\TAAAIDOCASSIST\taaaidocassist_api\app\services\googledrive_source.py", line 30, in <module>
2026-09-02 08:28:25.245:     from google.auth.transport.requests import Request as GoogleAuthRequest
2026-09-02 08:28:25.245: ModuleNotFoundError: No module named 'google'
2026-09-02 08:28:43.551: Traceback (most recent call last):
2026-09-02 08:28:43.553:   File "<frozen runpy>", line 203, in _run_module_as_main
2026-09-02 08:28:43.553:   File "<frozen runpy>", line 88, in _run_code
2026-09-02 08:28:43.553:   File "C:\Vineeth\Applications\TAAAIDOCASSIST\venv\Scripts\uvicorn.exe\__main__.py", line 5, in <module>
2026-09-02 08:28:43.553:     sys.exit(main())
2026-09-02 08:28:43.553:              ~~~~^^
2026-09-02 08:28:43.553:   File "C:\Vineeth\AI\Document Processing\DARAI-CHAT\venv\Lib\site-packages\click\core.py", line 1631, in __call__
2026-09-02 08:28:43.553:     return self.main(*args, **kwargs)
2026-09-02 08:28:43.553:            ~~~~~~~~~^^^^^^^^^^^^^^^^^
2026-09-02 08:28:43.553:   File "C:\Vineeth\AI\Document Processing\DARAI-CHAT\venv\Lib\site-packages\click\core.py", line 1552, in main
2026-09-02 08:28:43.553:     rv = self.invoke(ctx)
2026-09-02 08:28:43.554:   File "C:\Vineeth\AI\Document Processing\DARAI-CHAT\venv\Lib\site-packages\click\core.py", line 1415, in invoke
2026-09-02 08:28:43.554:     return ctx.invoke(self.callback, **ctx.params)
2026-09-02 08:28:43.554:            ~~~~~~~~~~^^^^^^^^^^^^^^^^^^^^^^^^^^^^^
2026-09-02 08:28:43.554:   File "C:\Vineeth\AI\Document Processing\DARAI-CHAT\venv\Lib\site-packages\click\core.py", line 910, in invoke
2026-09-02 08:28:43.554:     return callback(*args, **kwargs)
2026-09-02 08:28:43.554:   File "C:\Vineeth\AI\Document Processing\DARAI-CHAT\venv\Lib\site-packages\uvicorn\main.py", line 440, in main
2026-09-02 08:28:43.554:     run(
2026-09-02 08:28:43.554:     ~~~^
2026-09-02 08:28:43.554:         app,
2026-09-02 08:28:43.554:         ^^^^
2026-09-02 08:28:43.554:     ...<48 lines>...
2026-09-02 08:28:43.554:         reset_contextvars=reset_contextvars,
2026-09-02 08:28:43.554:         ^^^^^^^^^^^^^^^^^^^^^^^^^^^^^^^^^^^^
2026-09-02 08:28:43.554:     )
2026-09-02 08:28:43.554:     ^
2026-09-02 08:28:43.554:   File "C:\Vineeth\AI\Document Processing\DARAI-CHAT\venv\Lib\site-packages\uvicorn\main.py", line 609, in run
2026-09-02 08:28:43.554:     config.load_app()
2026-09-02 08:28:43.554:     ~~~~~~~~~~~~~~~^^
2026-09-02 08:28:43.554:   File "C:\Vineeth\AI\Document Processing\DARAI-CHAT\venv\Lib\site-packages\uvicorn\config.py", line 428, in load_app
2026-09-02 08:28:43.554:     return import_from_string(self.app)
2026-09-02 08:28:43.554:   File "C:\Vineeth\AI\Document Processing\DARAI-CHAT\venv\Lib\site-packages\uvicorn\importer.py", line 22, in import_from_string
2026-09-02 08:28:43.554:     raise exc from None
2026-09-02 08:28:43.554:   File "C:\Vineeth\AI\Document Processing\DARAI-CHAT\venv\Lib\site-packages\uvicorn\importer.py", line 19, in import_from_string
2026-09-02 08:28:43.554:     module = importlib.import_module(module_str)
2026-09-02 08:28:43.554:   File "C:\Python314\Lib\importlib\__init__.py", line 88, in import_module
2026-09-02 08:28:43.554:     return _bootstrap._gcd_import(name[level:], package, level)
2026-09-02 08:28:43.554:            ~~~~~~~~~~~~~~~~~~~~~~^^^^^^^^^^^^^^^^^^^^^^^^^^^^^^
2026-09-02 08:28:43.554:   File "<frozen importlib._bootstrap>", line 1406, in _gcd_import
2026-09-02 08:28:43.554:   File "<frozen importlib._bootstrap>", line 1371, in _find_and_load
2026-09-02 08:28:43.554:   File "<frozen importlib._bootstrap>", line 1342, in _find_and_load_unlocked
2026-09-02 08:28:43.554:   File "<frozen importlib._bootstrap>", line 938, in _load_unlocked
2026-09-02 08:28:43.554:   File "<frozen importlib._bootstrap_external>", line 759, in exec_module
2026-09-02 08:28:43.554:   File "<frozen importlib._bootstrap>", line 491, in _call_with_frames_removed
2026-09-02 08:28:43.554:   File "C:\Vineeth\Applications\TAAAIDOCASSIST\taaaidocassist_api\app\main.py", line 4, in <module>
2026-09-02 08:28:43.554:     from app.api.routes import auth, chat, data_management, documents, sources
2026-09-02 08:28:43.554:   File "C:\Vineeth\Applications\TAAAIDOCASSIST\taaaidocassist_api\app\api\routes\sources.py", line 50, in <module>
2026-09-02 08:28:43.554:     from app.services import googledrive_source, onedrive_source
2026-09-02 08:28:43.554:   File "C:\Vineeth\Applications\TAAAIDOCASSIST\taaaidocassist_api\app\services\googledrive_source.py", line 30, in <module>
2026-09-02 08:28:43.554:     from google.auth.transport.requests import Request as GoogleAuthRequest
2026-09-02 08:28:43.554: ModuleNotFoundError: No module named 'google'
2026-09-02 08:29:01.947: Traceback (most recent call last):
2026-09-02 08:29:01.949:   File "<frozen runpy>", line 203, in _run_module_as_main
2026-09-02 08:29:01.949:   File "<frozen runpy>", line 88, in _run_code
2026-09-02 08:29:01.949:   File "C:\Vineeth\Applications\TAAAIDOCASSIST\venv\Scripts\uvicorn.exe\__main__.py", line 5, in <module>
2026-09-02 08:29:01.949:     sys.exit(main())
2026-09-02 08:29:01.949:              ~~~~^^
2026-09-02 08:29:01.949:   File "C:\Vineeth\AI\Document Processing\DARAI-CHAT\venv\Lib\site-packages\click\core.py", line 1631, in __call__
2026-09-02 08:29:01.949:     return self.main(*args, **kwargs)
2026-09-02 08:29:01.949:            ~~~~~~~~~^^^^^^^^^^^^^^^^^
2026-09-02 08:29:01.949:   File "C:\Vineeth\AI\Document Processing\DARAI-CHAT\venv\Lib\site-packages\click\core.py", line 1552, in main
2026-09-02 08:29:01.949:     rv = self.invoke(ctx)
2026-09-02 08:29:01.949:   File "C:\Vineeth\AI\Document Processing\DARAI-CHAT\venv\Lib\site-packages\click\core.py", line 1415, in invoke
2026-09-02 08:29:01.949:     return ctx.invoke(self.callback, **ctx.params)
2026-09-02 08:29:01.949:            ~~~~~~~~~~^^^^^^^^^^^^^^^^^^^^^^^^^^^^^
2026-09-02 08:29:01.949:   File "C:\Vineeth\AI\Document Processing\DARAI-CHAT\venv\Lib\site-packages\click\core.py", line 910, in invoke
2026-09-02 08:29:01.949:     return callback(*args, **kwargs)
2026-09-02 08:29:01.949:   File "C:\Vineeth\AI\Document Processing\DARAI-CHAT\venv\Lib\site-packages\uvicorn\main.py", line 440, in main
2026-09-02 08:29:01.949:     run(
2026-09-02 08:29:01.949:     ~~~^
2026-09-02 08:29:01.949:         app,
2026-09-02 08:29:01.949:         ^^^^
2026-09-02 08:29:01.949:     ...<48 lines>...
2026-09-02 08:29:01.949:         reset_contextvars=reset_contextvars,
2026-09-02 08:29:01.949:         ^^^^^^^^^^^^^^^^^^^^^^^^^^^^^^^^^^^^
2026-09-02 08:29:01.949:     )
2026-09-02 08:29:01.949:     ^
2026-09-02 08:29:01.949:   File "C:\Vineeth\AI\Document Processing\DARAI-CHAT\venv\Lib\site-packages\uvicorn\main.py", line 609, in run
2026-09-02 08:29:01.949:     config.load_app()
2026-09-02 08:29:01.949:     ~~~~~~~~~~~~~~~^^
2026-09-02 08:29:01.949:   File "C:\Vineeth\AI\Document Processing\DARAI-CHAT\venv\Lib\site-packages\uvicorn\config.py", line 428, in load_app
2026-09-02 08:29:01.949:     return import_from_string(self.app)
2026-09-02 08:29:01.949:   File "C:\Vineeth\AI\Document Processing\DARAI-CHAT\venv\Lib\site-packages\uvicorn\importer.py", line 22, in import_from_string
2026-09-02 08:29:01.949:     raise exc from None
2026-09-02 08:29:01.949:   File "C:\Vineeth\AI\Document Processing\DARAI-CHAT\venv\Lib\site-packages\uvicorn\importer.py", line 19, in import_from_string
2026-09-02 08:29:01.949:     module = importlib.import_module(module_str)
2026-09-02 08:29:01.949:   File "C:\Python314\Lib\importlib\__init__.py", line 88, in import_module
2026-09-02 08:29:01.949:     return _bootstrap._gcd_import(name[level:], package, level)
2026-09-02 08:29:01.949:            ~~~~~~~~~~~~~~~~~~~~~~^^^^^^^^^^^^^^^^^^^^^^^^^^^^^^
2026-09-02 08:29:01.949:   File "<frozen importlib._bootstrap>", line 1406, in _gcd_import
2026-09-02 08:29:01.949:   File "<frozen importlib._bootstrap>", line 1371, in _find_and_load
2026-09-02 08:29:01.949:   File "<frozen importlib._bootstrap>", line 1342, in _find_and_load_unlocked
2026-09-02 08:29:01.949:   File "<frozen importlib._bootstrap>", line 938, in _load_unlocked
2026-09-02 08:29:01.949:   File "<frozen importlib._bootstrap_external>", line 759, in exec_module
2026-09-02 08:29:01.949:   File "<frozen importlib._bootstrap>", line 491, in _call_with_frames_removed
2026-09-02 08:29:01.949:   File "C:\Vineeth\Applications\TAAAIDOCASSIST\taaaidocassist_api\app\main.py", line 4, in <module>
2026-09-02 08:29:01.949:     from app.api.routes import auth, chat, data_management, documents, sources
2026-09-02 08:29:01.949:   File "C:\Vineeth\Applications\TAAAIDOCASSIST\taaaidocassist_api\app\api\routes\sources.py", line 50, in <module>
2026-09-02 08:29:01.949:     from app.services import googledrive_source, onedrive_source
2026-09-02 08:29:01.949:   File "C:\Vineeth\Applications\TAAAIDOCASSIST\taaaidocassist_api\app\services\googledrive_source.py", line 30, in <module>
2026-09-02 08:29:01.949:     from google.auth.transport.requests import Request as GoogleAuthRequest
2026-09-02 08:29:01.949: ModuleNotFoundError: No module named 'google'
2026-09-02 08:29:20.273: Traceback (most recent call last):
2026-09-02 08:29:20.274:   File "<frozen runpy>", line 203, in _run_module_as_main
2026-09-02 08:29:20.274:   File "<frozen runpy>", line 88, in _run_code
2026-09-02 08:29:20.274:   File "C:\Vineeth\Applications\TAAAIDOCASSIST\venv\Scripts\uvicorn.exe\__main__.py", line 5, in <module>
2026-09-02 08:29:20.274:     sys.exit(main())
2026-09-02 08:29:20.274:              ~~~~^^
2026-09-02 08:29:20.274:   File "C:\Vineeth\AI\Document Processing\DARAI-CHAT\venv\Lib\site-packages\click\core.py", line 1631, in __call__
2026-09-02 08:29:20.274:     return self.main(*args, **kwargs)
2026-09-02 08:29:20.274:            ~~~~~~~~~^^^^^^^^^^^^^^^^^
2026-09-02 08:29:20.274:   File "C:\Vineeth\AI\Document Processing\DARAI-CHAT\venv\Lib\site-packages\click\core.py", line 1552, in main
2026-09-02 08:29:20.274:     rv = self.invoke(ctx)
2026-09-02 08:29:20.274:   File "C:\Vineeth\AI\Document Processing\DARAI-CHAT\venv\Lib\site-packages\click\core.py", line 1415, in invoke
2026-09-02 08:29:20.274:     return ctx.invoke(self.callback, **ctx.params)
2026-09-02 08:29:20.274:            ~~~~~~~~~~^^^^^^^^^^^^^^^^^^^^^^^^^^^^^
2026-09-02 08:29:20.274:   File "C:\Vineeth\AI\Document Processing\DARAI-CHAT\venv\Lib\site-packages\click\core.py", line 910, in invoke
2026-09-02 08:29:20.274:     return callback(*args, **kwargs)
2026-09-02 08:29:20.274:   File "C:\Vineeth\AI\Document Processing\DARAI-CHAT\venv\Lib\site-packages\uvicorn\main.py", line 440, in main
2026-09-02 08:29:20.274:     run(
2026-09-02 08:29:20.274:     ~~~^
2026-09-02 08:29:20.274:         app,
2026-09-02 08:29:20.274:         ^^^^
2026-09-02 08:29:20.274:     ...<48 lines>...
2026-09-02 08:29:20.274:         reset_contextvars=reset_contextvars,
2026-09-02 08:29:20.274:         ^^^^^^^^^^^^^^^^^^^^^^^^^^^^^^^^^^^^
2026-09-02 08:29:20.274:     )
2026-09-02 08:29:20.274:     ^
2026-09-02 08:29:20.274:   File "C:\Vineeth\AI\Document Processing\DARAI-CHAT\venv\Lib\site-packages\uvicorn\main.py", line 609, in run
2026-09-02 08:29:20.274:     config.load_app()
2026-09-02 08:29:20.274:     ~~~~~~~~~~~~~~~^^
2026-09-02 08:29:20.274:   File "C:\Vineeth\AI\Document Processing\DARAI-CHAT\venv\Lib\site-packages\uvicorn\config.py", line 428, in load_app
2026-09-02 08:29:20.274:     return import_from_string(self.app)
2026-09-02 08:29:20.274:   File "C:\Vineeth\AI\Document Processing\DARAI-CHAT\venv\Lib\site-packages\uvicorn\importer.py", line 22, in import_from_string
2026-09-02 08:29:20.274:     raise exc from None
2026-09-02 08:29:20.274:   File "C:\Vineeth\AI\Document Processing\DARAI-CHAT\venv\Lib\site-packages\uvicorn\importer.py", line 19, in import_from_string
2026-09-02 08:29:20.274:     module = importlib.import_module(module_str)
2026-09-02 08:29:20.274:   File "C:\Python314\Lib\importlib\__init__.py", line 88, in import_module
2026-09-02 08:29:20.274:     return _bootstrap._gcd_import(name[level:], package, level)
2026-09-02 08:29:20.274:            ~~~~~~~~~~~~~~~~~~~~~~^^^^^^^^^^^^^^^^^^^^^^^^^^^^^^
2026-09-02 08:29:20.274:   File "<frozen importlib._bootstrap>", line 1406, in _gcd_import
2026-09-02 08:29:20.274:   File "<frozen importlib._bootstrap>", line 1371, in _find_and_load
2026-09-02 08:29:20.274:   File "<frozen importlib._bootstrap>", line 1342, in _find_and_load_unlocked
2026-09-02 08:29:20.274:   File "<frozen importlib._bootstrap>", line 938, in _load_unlocked
2026-09-02 08:29:20.274:   File "<frozen importlib._bootstrap_external>", line 759, in exec_module
2026-09-02 08:29:20.274:   File "<frozen importlib._bootstrap>", line 491, in _call_with_frames_removed
2026-09-02 08:29:20.274:   File "C:\Vineeth\Applications\TAAAIDOCASSIST\taaaidocassist_api\app\main.py", line 4, in <module>
2026-09-02 08:29:20.274:     from app.api.routes import auth, chat, data_management, documents, sources
2026-09-02 08:29:20.274:   File "C:\Vineeth\Applications\TAAAIDOCASSIST\taaaidocassist_api\app\api\routes\sources.py", line 50, in <module>
2026-09-02 08:29:20.274:     from app.services import googledrive_source, onedrive_source
2026-09-02 08:29:20.274:   File "C:\Vineeth\Applications\TAAAIDOCASSIST\taaaidocassist_api\app\services\googledrive_source.py", line 30, in <module>
2026-09-02 08:29:20.274:     from google.auth.transport.requests import Request as GoogleAuthRequest
2026-09-02 08:29:20.274: ModuleNotFoundError: No module named 'google'
2026-09-02 08:29:38.715: Traceback (most recent call last):
2026-09-02 08:29:38.717:   File "<frozen runpy>", line 203, in _run_module_as_main
2026-09-02 08:29:38.717:   File "<frozen runpy>", line 88, in _run_code
2026-09-02 08:29:38.717:   File "C:\Vineeth\Applications\TAAAIDOCASSIST\venv\Scripts\uvicorn.exe\__main__.py", line 5, in <module>
2026-09-02 08:29:38.717:     sys.exit(main())
2026-09-02 08:29:38.717:              ~~~~^^
2026-09-02 08:29:38.717:   File "C:\Vineeth\AI\Document Processing\DARAI-CHAT\venv\Lib\site-packages\click\core.py", line 1631, in __call__
2026-09-02 08:29:38.717:     return self.main(*args, **kwargs)
2026-09-02 08:29:38.717:            ~~~~~~~~~^^^^^^^^^^^^^^^^^
2026-09-02 08:29:38.717:   File "C:\Vineeth\AI\Document Processing\DARAI-CHAT\venv\Lib\site-packages\click\core.py", line 1552, in main
2026-09-02 08:29:38.717:     rv = self.invoke(ctx)
2026-09-02 08:29:38.717:   File "C:\Vineeth\AI\Document Processing\DARAI-CHAT\venv\Lib\site-packages\click\core.py", line 1415, in invoke
2026-09-02 08:29:38.717:     return ctx.invoke(self.callback, **ctx.params)
2026-09-02 08:29:38.717:            ~~~~~~~~~~^^^^^^^^^^^^^^^^^^^^^^^^^^^^^
2026-09-02 08:29:38.717:   File "C:\Vineeth\AI\Document Processing\DARAI-CHAT\venv\Lib\site-packages\click\core.py", line 910, in invoke
2026-09-02 08:29:38.717:     return callback(*args, **kwargs)
2026-09-02 08:29:38.717:   File "C:\Vineeth\AI\Document Processing\DARAI-CHAT\venv\Lib\site-packages\uvicorn\main.py", line 440, in main
2026-09-02 08:29:38.717:     run(
2026-09-02 08:29:38.717:     ~~~^
2026-09-02 08:29:38.717:         app,
2026-09-02 08:29:38.717:         ^^^^
2026-09-02 08:29:38.717:     ...<48 lines>...
2026-09-02 08:29:38.717:         reset_contextvars=reset_contextvars,
2026-09-02 08:29:38.717:         ^^^^^^^^^^^^^^^^^^^^^^^^^^^^^^^^^^^^
2026-09-02 08:29:38.717:     )
2026-09-02 08:29:38.717:     ^
2026-09-02 08:29:38.717:   File "C:\Vineeth\AI\Document Processing\DARAI-CHAT\venv\Lib\site-packages\uvicorn\main.py", line 609, in run
2026-09-02 08:29:38.717:     config.load_app()
2026-09-02 08:29:38.717:     ~~~~~~~~~~~~~~~^^
2026-09-02 08:29:38.717:   File "C:\Vineeth\AI\Document Processing\DARAI-CHAT\venv\Lib\site-packages\uvicorn\config.py", line 428, in load_app
2026-09-02 08:29:38.717:     return import_from_string(self.app)
2026-09-02 08:29:38.717:   File "C:\Vineeth\AI\Document Processing\DARAI-CHAT\venv\Lib\site-packages\uvicorn\importer.py", line 22, in import_from_string
2026-09-02 08:29:38.717:     raise exc from None
2026-09-02 08:29:38.717:   File "C:\Vineeth\AI\Document Processing\DARAI-CHAT\venv\Lib\site-packages\uvicorn\importer.py", line 19, in import_from_string
2026-09-02 08:29:38.717:     module = importlib.import_module(module_str)
2026-09-02 08:29:38.717:   File "C:\Python314\Lib\importlib\__init__.py", line 88, in import_module
2026-09-02 08:29:38.717:     return _bootstrap._gcd_import(name[level:], package, level)
2026-09-02 08:29:38.717:            ~~~~~~~~~~~~~~~~~~~~~~^^^^^^^^^^^^^^^^^^^^^^^^^^^^^^
2026-09-02 08:29:38.717:   File "<frozen importlib._bootstrap>", line 1406, in _gcd_import
2026-09-02 08:29:38.717:   File "<frozen importlib._bootstrap>", line 1371, in _find_and_load
2026-09-02 08:29:38.717:   File "<frozen importlib._bootstrap>", line 1342, in _find_and_load_unlocked
2026-09-02 08:29:38.717:   File "<frozen importlib._bootstrap>", line 938, in _load_unlocked
2026-09-02 08:29:38.717:   File "<frozen importlib._bootstrap_external>", line 759, in exec_module
2026-09-02 08:29:38.717:   File "<frozen importlib._bootstrap>", line 491, in _call_with_frames_removed
2026-09-02 08:29:38.717:   File "C:\Vineeth\Applications\TAAAIDOCASSIST\taaaidocassist_api\app\main.py", line 4, in <module>
2026-09-02 08:29:38.717:     from app.api.routes import auth, chat, data_management, documents, sources
2026-09-02 08:29:38.717:   File "C:\Vineeth\Applications\TAAAIDOCASSIST\taaaidocassist_api\app\api\routes\sources.py", line 50, in <module>
2026-09-02 08:29:38.717:     from app.services import googledrive_source, onedrive_source
2026-09-02 08:29:38.717:   File "C:\Vineeth\Applications\TAAAIDOCASSIST\taaaidocassist_api\app\services\googledrive_source.py", line 30, in <module>
2026-09-02 08:29:38.717:     from google.auth.transport.requests import Request as GoogleAuthRequest
2026-09-02 08:29:38.717: ModuleNotFoundError: No module named 'google'
2026-09-02 08:29:57.365: Traceback (most recent call last):
2026-09-02 08:29:57.367:   File "<frozen runpy>", line 203, in _run_module_as_main
2026-09-02 08:29:57.367:   File "<frozen runpy>", line 88, in _run_code
2026-09-02 08:29:57.367:   File "C:\Vineeth\Applications\TAAAIDOCASSIST\venv\Scripts\uvicorn.exe\__main__.py", line 5, in <module>
2026-09-02 08:29:57.367:     sys.exit(main())
2026-09-02 08:29:57.367:              ~~~~^^
2026-09-02 08:29:57.367:   File "C:\Vineeth\AI\Document Processing\DARAI-CHAT\venv\Lib\site-packages\click\core.py", line 1631, in __call__
2026-09-02 08:29:57.367:     return self.main(*args, **kwargs)
2026-09-02 08:29:57.367:            ~~~~~~~~~^^^^^^^^^^^^^^^^^
2026-09-02 08:29:57.367:   File "C:\Vineeth\AI\Document Processing\DARAI-CHAT\venv\Lib\site-packages\click\core.py", line 1552, in main
2026-09-02 08:29:57.367:     rv = self.invoke(ctx)
2026-09-02 08:29:57.367:   File "C:\Vineeth\AI\Document Processing\DARAI-CHAT\venv\Lib\site-packages\click\core.py", line 1415, in invoke
2026-09-02 08:29:57.367:     return ctx.invoke(self.callback, **ctx.params)
2026-09-02 08:29:57.367:            ~~~~~~~~~~^^^^^^^^^^^^^^^^^^^^^^^^^^^^^
2026-09-02 08:29:57.367:   File "C:\Vineeth\AI\Document Processing\DARAI-CHAT\venv\Lib\site-packages\click\core.py", line 910, in invoke
2026-09-02 08:29:57.367:     return callback(*args, **kwargs)
2026-09-02 08:29:57.367:   File "C:\Vineeth\AI\Document Processing\DARAI-CHAT\venv\Lib\site-packages\uvicorn\main.py", line 440, in main
2026-09-02 08:29:57.367:     run(
2026-09-02 08:29:57.367:     ~~~^
2026-09-02 08:29:57.367:         app,
2026-09-02 08:29:57.367:         ^^^^
2026-09-02 08:29:57.367:     ...<48 lines>...
2026-09-02 08:29:57.367:         reset_contextvars=reset_contextvars,
2026-09-02 08:29:57.367:         ^^^^^^^^^^^^^^^^^^^^^^^^^^^^^^^^^^^^
2026-09-02 08:29:57.367:     )
2026-09-02 08:29:57.367:     ^
2026-09-02 08:29:57.367:   File "C:\Vineeth\AI\Document Processing\DARAI-CHAT\venv\Lib\site-packages\uvicorn\main.py", line 609, in run
2026-09-02 08:29:57.367:     config.load_app()
2026-09-02 08:29:57.367:     ~~~~~~~~~~~~~~~^^
2026-09-02 08:29:57.367:   File "C:\Vineeth\AI\Document Processing\DARAI-CHAT\venv\Lib\site-packages\uvicorn\config.py", line 428, in load_app
2026-09-02 08:29:57.367:     return import_from_string(self.app)
2026-09-02 08:29:57.367:   File "C:\Vineeth\AI\Document Processing\DARAI-CHAT\venv\Lib\site-packages\uvicorn\importer.py", line 22, in import_from_string
2026-09-02 08:29:57.367:     raise exc from None
2026-09-02 08:29:57.367:   File "C:\Vineeth\AI\Document Processing\DARAI-CHAT\venv\Lib\site-packages\uvicorn\importer.py", line 19, in import_from_string
2026-09-02 08:29:57.367:     module = importlib.import_module(module_str)
2026-09-02 08:29:57.367:   File "C:\Python314\Lib\importlib\__init__.py", line 88, in import_module
2026-09-02 08:29:57.367:     return _bootstrap._gcd_import(name[level:], package, level)
2026-09-02 08:29:57.367:            ~~~~~~~~~~~~~~~~~~~~~~^^^^^^^^^^^^^^^^^^^^^^^^^^^^^^
2026-09-02 08:29:57.367:   File "<frozen importlib._bootstrap>", line 1406, in _gcd_import
2026-09-02 08:29:57.367:   File "<frozen importlib._bootstrap>", line 1371, in _find_and_load
2026-09-02 08:29:57.367:   File "<frozen importlib._bootstrap>", line 1342, in _find_and_load_unlocked
2026-09-02 08:29:57.367:   File "<frozen importlib._bootstrap>", line 938, in _load_unlocked
2026-09-02 08:29:57.367:   File "<frozen importlib._bootstrap_external>", line 759, in exec_module
2026-09-02 08:29:57.367:   File "<frozen importlib._bootstrap>", line 491, in _call_with_frames_removed
2026-09-02 08:29:57.367:   File "C:\Vineeth\Applications\TAAAIDOCASSIST\taaaidocassist_api\app\main.py", line 4, in <module>
2026-09-02 08:29:57.367:     from app.api.routes import auth, chat, data_management, documents, sources
2026-09-02 08:29:57.367:   File "C:\Vineeth\Applications\TAAAIDOCASSIST\taaaidocassist_api\app\api\routes\sources.py", line 50, in <module>
2026-09-02 08:29:57.367:     from app.services import googledrive_source, onedrive_source
2026-09-02 08:29:57.367:   File "C:\Vineeth\Applications\TAAAIDOCASSIST\taaaidocassist_api\app\services\googledrive_source.py", line 30, in <module>
2026-09-02 08:29:57.367:     from google.auth.transport.requests import Request as GoogleAuthRequest
2026-09-02 08:29:57.367: ModuleNotFoundError: No module named 'google'
2026-09-02 08:30:15.777: Traceback (most recent call last):
2026-09-02 08:30:15.779:   File "<frozen runpy>", line 203, in _run_module_as_main
2026-09-02 08:30:15.779:   File "<frozen runpy>", line 88, in _run_code
2026-09-02 08:30:15.779:   File "C:\Vineeth\Applications\TAAAIDOCASSIST\venv\Scripts\uvicorn.exe\__main__.py", line 5, in <module>
2026-09-02 08:30:15.779:     sys.exit(main())
2026-09-02 08:30:15.779:              ~~~~^^
2026-09-02 08:30:15.779:   File "C:\Vineeth\AI\Document Processing\DARAI-CHAT\venv\Lib\site-packages\click\core.py", line 1631, in __call__
2026-09-02 08:30:15.779:     return self.main(*args, **kwargs)
2026-09-02 08:30:15.779:            ~~~~~~~~~^^^^^^^^^^^^^^^^^
2026-09-02 08:30:15.779:   File "C:\Vineeth\AI\Document Processing\DARAI-CHAT\venv\Lib\site-packages\click\core.py", line 1552, in main
2026-09-02 08:30:15.779:     rv = self.invoke(ctx)
2026-09-02 08:30:15.779:   File "C:\Vineeth\AI\Document Processing\DARAI-CHAT\venv\Lib\site-packages\click\core.py", line 1415, in invoke
2026-09-02 08:30:15.779:     return ctx.invoke(self.callback, **ctx.params)
2026-09-02 08:30:15.779:            ~~~~~~~~~~^^^^^^^^^^^^^^^^^^^^^^^^^^^^^
2026-09-02 08:30:15.779:   File "C:\Vineeth\AI\Document Processing\DARAI-CHAT\venv\Lib\site-packages\click\core.py", line 910, in invoke
2026-09-02 08:30:15.779:     return callback(*args, **kwargs)
2026-09-02 08:30:15.779:   File "C:\Vineeth\AI\Document Processing\DARAI-CHAT\venv\Lib\site-packages\uvicorn\main.py", line 440, in main
2026-09-02 08:30:15.779:     run(
2026-09-02 08:30:15.779:     ~~~^
2026-09-02 08:30:15.779:         app,
2026-09-02 08:30:15.779:         ^^^^
2026-09-02 08:30:15.779:     ...<48 lines>...
2026-09-02 08:30:15.779:         reset_contextvars=reset_contextvars,
2026-09-02 08:30:15.779:         ^^^^^^^^^^^^^^^^^^^^^^^^^^^^^^^^^^^^
2026-09-02 08:30:15.779:     )
2026-09-02 08:30:15.779:     ^
2026-09-02 08:30:15.779:   File "C:\Vineeth\AI\Document Processing\DARAI-CHAT\venv\Lib\site-packages\uvicorn\main.py", line 609, in run
2026-09-02 08:30:15.779:     config.load_app()
2026-09-02 08:30:15.779:     ~~~~~~~~~~~~~~~^^
2026-09-02 08:30:15.779:   File "C:\Vineeth\AI\Document Processing\DARAI-CHAT\venv\Lib\site-packages\uvicorn\config.py", line 428, in load_app
2026-09-02 08:30:15.779:     return import_from_string(self.app)
2026-09-02 08:30:15.779:   File "C:\Vineeth\AI\Document Processing\DARAI-CHAT\venv\Lib\site-packages\uvicorn\importer.py", line 22, in import_from_string
2026-09-02 08:30:15.779:     raise exc from None
2026-09-02 08:30:15.779:   File "C:\Vineeth\AI\Document Processing\DARAI-CHAT\venv\Lib\site-packages\uvicorn\importer.py", line 19, in import_from_string
2026-09-02 08:30:15.779:     module = importlib.import_module(module_str)
2026-09-02 08:30:15.779:   File "C:\Python314\Lib\importlib\__init__.py", line 88, in import_module
2026-09-02 08:30:15.779:     return _bootstrap._gcd_import(name[level:], package, level)
2026-09-02 08:30:15.779:            ~~~~~~~~~~~~~~~~~~~~~~^^^^^^^^^^^^^^^^^^^^^^^^^^^^^^
2026-09-02 08:30:15.779:   File "<frozen importlib._bootstrap>", line 1406, in _gcd_import
2026-09-02 08:30:15.779:   File "<frozen importlib._bootstrap>", line 1371, in _find_and_load
2026-09-02 08:30:15.779:   File "<frozen importlib._bootstrap>", line 1342, in _find_and_load_unlocked
2026-09-02 08:30:15.779:   File "<frozen importlib._bootstrap>", line 938, in _load_unlocked
2026-09-02 08:30:15.779:   File "<frozen importlib._bootstrap_external>", line 759, in exec_module
2026-09-02 08:30:15.779:   File "<frozen importlib._bootstrap>", line 491, in _call_with_frames_removed
2026-09-02 08:30:15.779:   File "C:\Vineeth\Applications\TAAAIDOCASSIST\taaaidocassist_api\app\main.py", line 4, in <module>
2026-09-02 08:30:15.779:     from app.api.routes import auth, chat, data_management, documents, sources
2026-09-02 08:30:15.779:   File "C:\Vineeth\Applications\TAAAIDOCASSIST\taaaidocassist_api\app\api\routes\sources.py", line 50, in <module>
2026-09-02 08:30:15.779:     from app.services import googledrive_source, onedrive_source
2026-09-02 08:30:15.779:   File "C:\Vineeth\Applications\TAAAIDOCASSIST\taaaidocassist_api\app\services\googledrive_source.py", line 30, in <module>
2026-09-02 08:30:15.779:     from google.auth.transport.requests import Request as GoogleAuthRequest
2026-09-02 08:30:15.779: ModuleNotFoundError: No module named 'google'
2026-09-02 08:30:34.049: Traceback (most recent call last):
2026-09-02 08:30:34.051:   File "<frozen runpy>", line 203, in _run_module_as_main
2026-09-02 08:30:34.051:   File "<frozen runpy>", line 88, in _run_code
2026-09-02 08:30:34.051:   File "C:\Vineeth\Applications\TAAAIDOCASSIST\venv\Scripts\uvicorn.exe\__main__.py", line 5, in <module>
2026-09-02 08:30:34.051:     sys.exit(main())
2026-09-02 08:30:34.051:              ~~~~^^
2026-09-02 08:30:34.051:   File "C:\Vineeth\AI\Document Processing\DARAI-CHAT\venv\Lib\site-packages\click\core.py", line 1631, in __call__
2026-09-02 08:30:34.051:     return self.main(*args, **kwargs)
2026-09-02 08:30:34.051:            ~~~~~~~~~^^^^^^^^^^^^^^^^^
2026-09-02 08:30:34.051:   File "C:\Vineeth\AI\Document Processing\DARAI-CHAT\venv\Lib\site-packages\click\core.py", line 1552, in main
2026-09-02 08:30:34.051:     rv = self.invoke(ctx)
2026-09-02 08:30:34.051:   File "C:\Vineeth\AI\Document Processing\DARAI-CHAT\venv\Lib\site-packages\click\core.py", line 1415, in invoke
2026-09-02 08:30:34.051:     return ctx.invoke(self.callback, **ctx.params)
2026-09-02 08:30:34.051:            ~~~~~~~~~~^^^^^^^^^^^^^^^^^^^^^^^^^^^^^
2026-09-02 08:30:34.051:   File "C:\Vineeth\AI\Document Processing\DARAI-CHAT\venv\Lib\site-packages\click\core.py", line 910, in invoke
2026-09-02 08:30:34.051:     return callback(*args, **kwargs)
2026-09-02 08:30:34.051:   File "C:\Vineeth\AI\Document Processing\DARAI-CHAT\venv\Lib\site-packages\uvicorn\main.py", line 440, in main
2026-09-02 08:30:34.051:     run(
2026-09-02 08:30:34.051:     ~~~^
2026-09-02 08:30:34.051:         app,
2026-09-02 08:30:34.051:         ^^^^
2026-09-02 08:30:34.051:     ...<48 lines>...
2026-09-02 08:30:34.051:         reset_contextvars=reset_contextvars,
2026-09-02 08:30:34.051:         ^^^^^^^^^^^^^^^^^^^^^^^^^^^^^^^^^^^^
2026-09-02 08:30:34.051:     )
2026-09-02 08:30:34.051:     ^
2026-09-02 08:30:34.051:   File "C:\Vineeth\AI\Document Processing\DARAI-CHAT\venv\Lib\site-packages\uvicorn\main.py", line 609, in run
2026-09-02 08:30:34.051:     config.load_app()
2026-09-02 08:30:34.051:     ~~~~~~~~~~~~~~~^^
2026-09-02 08:30:34.051:   File "C:\Vineeth\AI\Document Processing\DARAI-CHAT\venv\Lib\site-packages\uvicorn\config.py", line 428, in load_app
2026-09-02 08:30:34.051:     return import_from_string(self.app)
2026-09-02 08:30:34.051:   File "C:\Vineeth\AI\Document Processing\DARAI-CHAT\venv\Lib\site-packages\uvicorn\importer.py", line 22, in import_from_string
2026-09-02 08:30:34.051:     raise exc from None
2026-09-02 08:30:34.051:   File "C:\Vineeth\AI\Document Processing\DARAI-CHAT\venv\Lib\site-packages\uvicorn\importer.py", line 19, in import_from_string
2026-09-02 08:30:34.051:     module = importlib.import_module(module_str)
2026-09-02 08:30:34.051:   File "C:\Python314\Lib\importlib\__init__.py", line 88, in import_module
2026-09-02 08:30:34.051:     return _bootstrap._gcd_import(name[level:], package, level)
2026-09-02 08:30:34.051:            ~~~~~~~~~~~~~~~~~~~~~~^^^^^^^^^^^^^^^^^^^^^^^^^^^^^^
2026-09-02 08:30:34.051:   File "<frozen importlib._bootstrap>", line 1406, in _gcd_import
2026-09-02 08:30:34.051:   File "<frozen importlib._bootstrap>", line 1371, in _find_and_load
2026-09-02 08:30:34.051:   File "<frozen importlib._bootstrap>", line 1342, in _find_and_load_unlocked
2026-09-02 08:30:34.051:   File "<frozen importlib._bootstrap>", line 938, in _load_unlocked
2026-09-02 08:30:34.051:   File "<frozen importlib._bootstrap_external>", line 759, in exec_module
2026-09-02 08:30:34.051:   File "<frozen importlib._bootstrap>", line 491, in _call_with_frames_removed
2026-09-02 08:30:34.051:   File "C:\Vineeth\Applications\TAAAIDOCASSIST\taaaidocassist_api\app\main.py", line 4, in <module>
2026-09-02 08:30:34.051:     from app.api.routes import auth, chat, data_management, documents, sources
2026-09-02 08:30:34.051:   File "C:\Vineeth\Applications\TAAAIDOCASSIST\taaaidocassist_api\app\api\routes\sources.py", line 50, in <module>
2026-09-02 08:30:34.051:     from app.services import googledrive_source, onedrive_source
2026-09-02 08:30:34.051:   File "C:\Vineeth\Applications\TAAAIDOCASSIST\taaaidocassist_api\app\services\googledrive_source.py", line 30, in <module>
2026-09-02 08:30:34.051:     from google.auth.transport.requests import Request as GoogleAuthRequest
2026-09-02 08:30:34.051: ModuleNotFoundError: No module named 'google'
2026-09-02 08:30:52.320: Traceback (most recent call last):
2026-09-02 08:30:52.322:   File "<frozen runpy>", line 203, in _run_module_as_main
2026-09-02 08:30:52.322:   File "<frozen runpy>", line 88, in _run_code
2026-09-02 08:30:52.322:   File "C:\Vineeth\Applications\TAAAIDOCASSIST\venv\Scripts\uvicorn.exe\__main__.py", line 5, in <module>
2026-09-02 08:30:52.322:     sys.exit(main())
2026-09-02 08:30:52.322:              ~~~~^^
2026-09-02 08:30:52.322:   File "C:\Vineeth\AI\Document Processing\DARAI-CHAT\venv\Lib\site-packages\click\core.py", line 1631, in __call__
2026-09-02 08:30:52.322:     return self.main(*args, **kwargs)
2026-09-02 08:30:52.322:            ~~~~~~~~~^^^^^^^^^^^^^^^^^
2026-09-02 08:30:52.322:   File "C:\Vineeth\AI\Document Processing\DARAI-CHAT\venv\Lib\site-packages\click\core.py", line 1552, in main
2026-09-02 08:30:52.322:     rv = self.invoke(ctx)
2026-09-02 08:30:52.322:   File "C:\Vineeth\AI\Document Processing\DARAI-CHAT\venv\Lib\site-packages\click\core.py", line 1415, in invoke
2026-09-02 08:30:52.322:     return ctx.invoke(self.callback, **ctx.params)
2026-09-02 08:30:52.322:            ~~~~~~~~~~^^^^^^^^^^^^^^^^^^^^^^^^^^^^^
2026-09-02 08:30:52.322:   File "C:\Vineeth\AI\Document Processing\DARAI-CHAT\venv\Lib\site-packages\click\core.py", line 910, in invoke
2026-09-02 08:30:52.322:     return callback(*args, **kwargs)
2026-09-02 08:30:52.322:   File "C:\Vineeth\AI\Document Processing\DARAI-CHAT\venv\Lib\site-packages\uvicorn\main.py", line 440, in main
2026-09-02 08:30:52.322:     run(
2026-09-02 08:30:52.322:     ~~~^
2026-09-02 08:30:52.322:         app,
2026-09-02 08:30:52.322:         ^^^^
2026-09-02 08:30:52.322:     ...<48 lines>...
2026-09-02 08:30:52.322:         reset_contextvars=reset_contextvars,
2026-09-02 08:30:52.322:         ^^^^^^^^^^^^^^^^^^^^^^^^^^^^^^^^^^^^
2026-09-02 08:30:52.322:     )
2026-09-02 08:30:52.322:     ^
2026-09-02 08:30:52.322:   File "C:\Vineeth\AI\Document Processing\DARAI-CHAT\venv\Lib\site-packages\uvicorn\main.py", line 609, in run
2026-09-02 08:30:52.322:     config.load_app()
2026-09-02 08:30:52.322:     ~~~~~~~~~~~~~~~^^
2026-09-02 08:30:52.322:   File "C:\Vineeth\AI\Document Processing\DARAI-CHAT\venv\Lib\site-packages\uvicorn\config.py", line 428, in load_app
2026-09-02 08:30:52.322:     return import_from_string(self.app)
2026-09-02 08:30:52.323:   File "C:\Vineeth\AI\Document Processing\DARAI-CHAT\venv\Lib\site-packages\uvicorn\importer.py", line 22, in import_from_string
2026-09-02 08:30:52.323:     raise exc from None
2026-09-02 08:30:52.323:   File "C:\Vineeth\AI\Document Processing\DARAI-CHAT\venv\Lib\site-packages\uvicorn\importer.py", line 19, in import_from_string
2026-09-02 08:30:52.323:     module = importlib.import_module(module_str)
2026-09-02 08:30:52.323:   File "C:\Python314\Lib\importlib\__init__.py", line 88, in import_module
2026-09-02 08:30:52.323:     return _bootstrap._gcd_import(name[level:], package, level)
2026-09-02 08:30:52.323:            ~~~~~~~~~~~~~~~~~~~~~~^^^^^^^^^^^^^^^^^^^^^^^^^^^^^^
2026-09-02 08:30:52.323:   File "<frozen importlib._bootstrap>", line 1406, in _gcd_import
2026-09-02 08:30:52.323:   File "<frozen importlib._bootstrap>", line 1371, in _find_and_load
2026-09-02 08:30:52.323:   File "<frozen importlib._bootstrap>", line 1342, in _find_and_load_unlocked
2026-09-02 08:30:52.323:   File "<frozen importlib._bootstrap>", line 938, in _load_unlocked
2026-09-02 08:30:52.323:   File "<frozen importlib._bootstrap_external>", line 759, in exec_module
2026-09-02 08:30:52.323:   File "<frozen importlib._bootstrap>", line 491, in _call_with_frames_removed
2026-09-02 08:30:52.323:   File "C:\Vineeth\Applications\TAAAIDOCASSIST\taaaidocassist_api\app\main.py", line 4, in <module>
2026-09-02 08:30:52.323:     from app.api.routes import auth, chat, data_management, documents, sources
2026-09-02 08:30:52.323:   File "C:\Vineeth\Applications\TAAAIDOCASSIST\taaaidocassist_api\app\api\routes\sources.py", line 50, in <module>
2026-09-02 08:30:52.323:     from app.services import googledrive_source, onedrive_source
2026-09-02 08:30:52.323:   File "C:\Vineeth\Applications\TAAAIDOCASSIST\taaaidocassist_api\app\services\googledrive_source.py", line 30, in <module>
2026-09-02 08:30:52.323:     from google.auth.transport.requests import Request as GoogleAuthRequest
2026-09-02 08:30:52.323: ModuleNotFoundError: No module named 'google'
2026-09-02 08:31:10.625: Traceback (most recent call last):
2026-09-02 08:31:10.627:   File "<frozen runpy>", line 203, in _run_module_as_main
2026-09-02 08:31:10.627:   File "<frozen runpy>", line 88, in _run_code
2026-09-02 08:31:10.627:   File "C:\Vineeth\Applications\TAAAIDOCASSIST\venv\Scripts\uvicorn.exe\__main__.py", line 5, in <module>
2026-09-02 08:31:10.627:     sys.exit(main())
2026-09-02 08:31:10.627:              ~~~~^^
2026-09-02 08:31:10.627:   File "C:\Vineeth\AI\Document Processing\DARAI-CHAT\venv\Lib\site-packages\click\core.py", line 1631, in __call__
2026-09-02 08:31:10.627:     return self.main(*args, **kwargs)
2026-09-02 08:31:10.627:            ~~~~~~~~~^^^^^^^^^^^^^^^^^
2026-09-02 08:31:10.627:   File "C:\Vineeth\AI\Document Processing\DARAI-CHAT\venv\Lib\site-packages\click\core.py", line 1552, in main
2026-09-02 08:31:10.627:     rv = self.invoke(ctx)
2026-09-02 08:31:10.627:   File "C:\Vineeth\AI\Document Processing\DARAI-CHAT\venv\Lib\site-packages\click\core.py", line 1415, in invoke
2026-09-02 08:31:10.627:     return ctx.invoke(self.callback, **ctx.params)
2026-09-02 08:31:10.627:            ~~~~~~~~~~^^^^^^^^^^^^^^^^^^^^^^^^^^^^^
2026-09-02 08:31:10.627:   File "C:\Vineeth\AI\Document Processing\DARAI-CHAT\venv\Lib\site-packages\click\core.py", line 910, in invoke
2026-09-02 08:31:10.627:     return callback(*args, **kwargs)
2026-09-02 08:31:10.627:   File "C:\Vineeth\AI\Document Processing\DARAI-CHAT\venv\Lib\site-packages\uvicorn\main.py", line 440, in main
2026-09-02 08:31:10.627:     run(
2026-09-02 08:31:10.627:     ~~~^
2026-09-02 08:31:10.627:         app,
2026-09-02 08:31:10.627:         ^^^^
2026-09-02 08:31:10.627:     ...<48 lines>...
2026-09-02 08:31:10.627:         reset_contextvars=reset_contextvars,
2026-09-02 08:31:10.627:         ^^^^^^^^^^^^^^^^^^^^^^^^^^^^^^^^^^^^
2026-09-02 08:31:10.627:     )
2026-09-02 08:31:10.627:     ^
2026-09-02 08:31:10.627:   File "C:\Vineeth\AI\Document Processing\DARAI-CHAT\venv\Lib\site-packages\uvicorn\main.py", line 609, in run
2026-09-02 08:31:10.627:     config.load_app()
2026-09-02 08:31:10.627:     ~~~~~~~~~~~~~~~^^
2026-09-02 08:31:10.627:   File "C:\Vineeth\AI\Document Processing\DARAI-CHAT\venv\Lib\site-packages\uvicorn\config.py", line 428, in load_app
2026-09-02 08:31:10.627:     return import_from_string(self.app)
2026-09-02 08:31:10.627:   File "C:\Vineeth\AI\Document Processing\DARAI-CHAT\venv\Lib\site-packages\uvicorn\importer.py", line 22, in import_from_string
2026-09-02 08:31:10.627:     raise exc from None
2026-09-02 08:31:10.627:   File "C:\Vineeth\AI\Document Processing\DARAI-CHAT\venv\Lib\site-packages\uvicorn\importer.py", line 19, in import_from_string
2026-09-02 08:31:10.627:     module = importlib.import_module(module_str)
2026-09-02 08:31:10.627:   File "C:\Python314\Lib\importlib\__init__.py", line 88, in import_module
2026-09-02 08:31:10.627:     return _bootstrap._gcd_import(name[level:], package, level)
2026-09-02 08:31:10.627:            ~~~~~~~~~~~~~~~~~~~~~~^^^^^^^^^^^^^^^^^^^^^^^^^^^^^^
2026-09-02 08:31:10.627:   File "<frozen importlib._bootstrap>", line 1406, in _gcd_import
2026-09-02 08:31:10.627:   File "<frozen importlib._bootstrap>", line 1371, in _find_and_load
2026-09-02 08:31:10.627:   File "<frozen importlib._bootstrap>", line 1342, in _find_and_load_unlocked
2026-09-02 08:31:10.627:   File "<frozen importlib._bootstrap>", line 938, in _load_unlocked
2026-09-02 08:31:10.627:   File "<frozen importlib._bootstrap_external>", line 759, in exec_module
2026-09-02 08:31:10.627:   File "<frozen importlib._bootstrap>", line 491, in _call_with_frames_removed
2026-09-02 08:31:10.627:   File "C:\Vineeth\Applications\TAAAIDOCASSIST\taaaidocassist_api\app\main.py", line 4, in <module>
2026-09-02 08:31:10.627:     from app.api.routes import auth, chat, data_management, documents, sources
2026-09-02 08:31:10.627:   File "C:\Vineeth\Applications\TAAAIDOCASSIST\taaaidocassist_api\app\api\routes\sources.py", line 50, in <module>
2026-09-02 08:31:10.627:     from app.services import googledrive_source, onedrive_source
2026-09-02 08:31:10.627:   File "C:\Vineeth\Applications\TAAAIDOCASSIST\taaaidocassist_api\app\services\googledrive_source.py", line 30, in <module>
2026-09-02 08:31:10.627:     from google.auth.transport.requests import Request as GoogleAuthRequest
2026-09-02 08:31:10.627: ModuleNotFoundError: No module named 'google'
2026-09-02 08:31:25.834: 
2026-09-02 08:31:25.834: Aborted!
